75991d1d39718b6fcd507c1b663a5ea5b85ef3a00bc99ce69eb6d173c33dce59	248	qcbluetooth8480_WHQL/BSRC_BT.bin
0193aafabd279d464a415c5b8bed39f93a56dadd373a04efb31ab22067b65828	231958	qcbluetooth8480_WHQL/clnbtfw10.tlv
8dcf11416f6beefc155c926617e094a86731a9ba3ec91daf6ae6979cfd27da8b	10880	qcbluetooth8480_WHQL/clnbtnv10.b03
8dcf11416f6beefc155c926617e094a86731a9ba3ec91daf6ae6979cfd27da8b	10880	qcbluetooth8480_WHQL/clnbtnv10.b07
8dcf11416f6beefc155c926617e094a86731a9ba3ec91daf6ae6979cfd27da8b	10880	qcbluetooth8480_WHQL/clnbtnv10.b08
8dcf11416f6beefc155c926617e094a86731a9ba3ec91daf6ae6979cfd27da8b	10880	qcbluetooth8480_WHQL/clnbtnv10.b0a
8dcf11416f6beefc155c926617e094a86731a9ba3ec91daf6ae6979cfd27da8b	10880	qcbluetooth8480_WHQL/clnbtnv10.b0d
5d136624e4738057d18c2f3e27086938c85c1e1c7d0c678f40c7e1fd1bbea182	10880	qcbluetooth8480_WHQL/clnbtnv10.b17
8dcf11416f6beefc155c926617e094a86731a9ba3ec91daf6ae6979cfd27da8b	10880	qcbluetooth8480_WHQL/clnbtnv10.bin
cb032e2d6f6b144f69378fe1278cbeaf0045dd2a14b99e101419ef4b203c7f1e	10866	qcbluetooth8480_WHQL/qcbluetooth8480.inf
52220479b43be9b91eec50c8f11a2aaf72fe1f1422074110876e8e1e731d3595	4607848	qcdx8480/qcav1e8480.mbn
d0e863d0323a489d68f817bd49cc107d554ead99cd899e57922bf2474a6fc6e7	93036	qcdx8480/qcdx8480.inf
76b27cd1363c5a5e551427cd25f07813f63e3e126d399f0d6f8b0ee3a1457918	12088	qcdx8480/qcdxkmsuc8480.mbn
fbb439d77b977a2dc29a52d3771b7925c8af278d5ce55374d331ef2178b8b758	2503368	qcdx8480/qcvss8480.mbn
9bee104a48d4aac647287d6c1454df170c1cff7158a2352711fd1e2163ea6d1d	69432	qcnspmcdm8480/cdsp_dtbs.elf
acf13d29288d283793f418a36650e8a261eed927d30de109a59cb2210f458794	3252504	qcnspmcdm8480/qccdsp8480.mbn
1bcb62ef4f51ce0741c00744be91985edc7d0da24f6a56aa4128c5017c648e46	64630	qcnspmcdm8480/qcnspmcdm8480.inf
c1a69fe37eaff8759b22738f4d4b8e046e7b07fbccdfdc76554f0fa6b412b981	225080	qcsubsys_ext_adsp8480_4500R_HDCP_WHQL/adsp_dtbs.elf
66ce8531efb7979d234e0f0eabbe18d038ac97da771a8a194f613df8f0724e81	513	qcsubsys_ext_adsp8480_4500R_HDCP_WHQL/adspr.jsn
12ac2f3ae8ced12aa4b06b3ab3a01bc4d8efe1c92ebea503c002f209a6ec176f	515	qcsubsys_ext_adsp8480_4500R_HDCP_WHQL/adsps.jsn
982a99853495e34726b8e44697fdfad303334de0a67cbf6cde306c8f1731000b	703	qcsubsys_ext_adsp8480_4500R_HDCP_WHQL/adspua.jsn
0b68b188aac54f7beecb3234c19e794092864a4690aafea20bf379643305bf93	21432280	qcsubsys_ext_adsp8480_4500R_HDCP_WHQL/qcadsp8480.mbn
ee3595edb8adc2c651ebfe90570446026cfa5ab917f3a77e833d7080b67c84ad	85690	qcsubsys_ext_adsp8480_4500R_HDCP_WHQL/qcsubsys_ext_adsp8480.inf
6b4b388b6029d4779fe73d4e10bf4486f18ec1b4efe4116747328ebad263496f	51798	qcuart8480/BSRC_UART_2Wire_1.bin
993dd7f62f3d8b0e288524af95fe9946aa7dc70dbb6c1ea40b743ed39ce7264c	17274	qcuart8480/BSRC_UART_2Wire_2.bin
9981462ab31844fa6a92354ad60e8841bbb92667f85c811071b078ce76879597	58494	qcuart8480/BSRC_UART_4Wire_1.bin
f841925eeafc6c2001b35c08a65555d00d97b2fbbfb22e4f0b0d052d77361e17	19506	qcuart8480/BSRC_UART_4Wire_2.bin
965e3b641bff7a63fde1cd73c4699b8ac5fd14a86a897395fabeed37cc1426f2	7220	qcuart8480/qcuart8480.inf
960e9e93da708f5e1086ce15d82d3e44d846ec9441eac40e1725467d357965d8	125288	qcwlancol8480_Enable_WHQL/bdwlan_qcc2072_1p0_ncm820A.elf
18f157fd7536de59615fbdd8287a3ee82f31a7559513721b4dc8b1d595611afe	60824	qcwlancol8480_Enable_WHQL/qcwlancol8480.inf
18f157fd7536de59615fbdd8287a3ee82f31a7559513721b4dc8b1d595611afe	60824	qcwlancol8480_Enable_WHQL/qcwlancol8480_1.inf
