firmware_name	inf_source	evidence
8480_ccd_base.json	qcSensorsConfigCrd8480.inf	HP-SOFTWARE
8480_default_sensors.json	qcSensorsConfigCrd8480.inf	HP-SOFTWARE
8480_dynamic_sensors.json	qcSensorsConfigCrd8480.inf	HP-SOFTWARE
8480_irq.json	qcSensorsConfigCrd8480.inf	HP-SOFTWARE
8480_power_0.json	qcSensorsConfigCrd8480.inf	HP-SOFTWARE
8480_qsh_ble_0.json	qcSensorsConfigCrd8480.inf	HP-SOFTWARE
ACDResources.bin	qcaucd_ext_crd8480.inf	HP-SOFTWARE
ADC1.bin	qcadc8480.inf	HP-SOFTWARE
ADC1.bin	qcadc_ext8480.inf	HP-SOFTWARE
ADCMResources.bin	qcacsp_crd8480.inf	HP-SOFTWARE
ASCDResources.bin	qcascd_ext_crd8480.inf	HP-SOFTWARE
BSRC_BT.bin	qcbluetooth8480.inf	HP-SOFTWARE
BSRC_QSPI.bin	qcspi8480.inf	HP-SOFTWARE
BSRC_SPI.bin	qcspi8480.inf	HP-SOFTWARE
BSRC_UART_2Wire_1.bin	qcuart8480.inf	HP-SOFTWARE
BSRC_UART_2Wire_2.bin	qcuart8480.inf	HP-SOFTWARE
BSRC_UART_4Wire_1.bin	qcuart8480.inf	HP-SOFTWARE
BSRC_UART_4Wire_2.bin	qcuart8480.inf	HP-SOFTWARE
CRMD.bin	qcbcryptcipherkm8480.inf	HP-SOFTWARE
EVMD.bin	qceva_ext8480.inf	HP-SOFTWARE
EVPF.bin	qceva_ext8480.inf	HP-SOFTWARE
MptfBlob1.bin	QcMptfDevice8480.inf	HP-SOFTWARE
MptfBlob2.bin	QcMptfDevice8480.inf	HP-SOFTWARE
MptfBlob3.bin	QcMptfDevice8480.inf	HP-SOFTWARE
MptfBlob4.bin	QcMptfDevice8480.inf	HP-SOFTWARE
QSTFConfigFile.bin	ppte.wd8480.inf	HP-SOFTWARE
QSTFConfigFile.bin	qcqstfconfig8480.inf	HP-SOFTWARE
QdssTrace.bin	qcqdss8480.inf	HP-SOFTWARE
RADS.bin	qcsubsys_ext_adsp8480.inf	HP-SOFTWARE
RCDS.bin	qcsubsys_ext_cdsp8480.inf	HP-SOFTWARE
RNGF.bin	qcRng8480.inf	HP-SOFTWARE
ROOB.bin	qcsubsys_ext_oob8480.inf	HP-SOFTWARE
RSCP.bin	qcsubsys_ext_soccp8480.inf	HP-SOFTWARE
RSPU.bin	qcsubsys_ext_spss8480.inf	HP-SOFTWARE
SCMF.bin	qcscm8480.inf	HP-SOFTWARE
SLM1.bin	qcslimbus8480.inf	HP-SOFTWARE
UCS0.bin	qcusbcucsi8480.inf	HP-SOFTWARE
adsp_dtbs.elf	qcsubsys_ext_adsp8480.inf	HP-SOFTWARE
adspr.jsn	qcsubsys_ext_adsp8480.inf	HP-SOFTWARE
adsps.jsn	qcsubsys_ext_adsp8480.inf	HP-SOFTWARE
adspua.jsn	qcsubsys_ext_adsp8480.inf	HP-SOFTWARE
apttestapp.mbn	QcTreeExtQcom8480.inf	HP-SOFTWARE
aux_ucode.elf	qcwlancol8480.inf	HP-SOFTWARE
aux_ucode.elf	qcwlancol8480_1.inf	HP-SOFTWARE
bdwlan.elf	qcwlancol8480.inf	HP-SOFTWARE
bdwlan.elf	qcwlancol8480_1.inf	HP-SOFTWARE
bdwlan.elf	qcwlanhmt8480.inf	HP-SOFTWARE
bdwlan_qcc2072_1p0_ncm820A.elf	qcwlancol8480.inf	HP-SOFTWARE
bdwlan_qcc2072_1p0_ncm820A.elf	qcwlancol8480_1.inf	HP-SOFTWARE
bdwlan_wcn785x_2p0_ncm825.elf	qcwlanhmt8480.inf	HP-SOFTWARE
bdwlan_wcn785x_2p0_ncm825_AS_S55_SA.elf	qcwlanhmt8480.inf	HP-SOFTWARE
bdwlan_wcn785x_2p0_ncm825_DE01.elf	qcwlanhmt8480.inf	HP-SOFTWARE
bdwlan_wcn785x_2p0_ncm825_DE02.elf	qcwlanhmt8480.inf	HP-SOFTWARE
bdwlan_wcn785x_2p0_ncm825_HO_MoorO.elf	qcwlanhmt8480.inf	HP-SOFTWARE
bdwlan_wcn785x_2p0_ncm825_LES790.elf	qcwlanhmt8480.inf	HP-SOFTWARE
bdwlan_wcn785x_2p0_ncm825_LE_Altai.elf	qcwlanhmt8480.inf	HP-SOFTWARE
bdwlan_wcn785x_2p0_ncm825_LE_C590.elf	qcwlanhmt8480.inf	HP-SOFTWARE
bdwlan_wcn785x_2p0_ncm825_PZ36.elf	qcwlanhmt8480.inf	HP-SOFTWARE
bdwlan_wcn785x_2p0_ncm825_QC_revB.elf	qcwlanhmt8480.inf	HP-SOFTWARE
bdwlan_wcn785x_2p0_ncm825_UX3407Q.elf	qcwlanhmt8480.inf	HP-SOFTWARE
bdwlan_wcn785x_2p0_ncm865a.elf	qcwlanhmt8480.inf	HP-SOFTWARE
bdwlan_wcn785x_2p0_ncm865a_LE_S390.elf	qcwlanhmt8480.inf	HP-SOFTWARE
bdwlan_wcn785x_2p0_ncm865a_QC_revB.elf	qcwlanhmt8480.inf	HP-SOFTWARE
bsrc_bt.bin	qcbluetooth8480.inf	HP-SOFTWARE
cdsp_dtbs.elf	qcnspmcdm8480.inf	HP-SOFTWARE
clnbtfw10.tlv	qcbluetooth8480.inf	HP-SOFTWARE
clnbtnv10.bin	qcbluetooth8480.inf	HP-SOFTWARE
dxhdcp2.mbn	QcTreeExtOem8480.inf	HP-SOFTWARE
en-US-Alexa.bin	QCListenSM_swc_ext8480.inf	HP-SOFTWARE
evass.mbn	qceva8480.inf	HP-SOFTWARE
fingerpr.mbn	QcTreeExtOem8480.inf	HP-SOFTWARE
fipstestapp.mbn	QcTreeExtQcom8480.inf	HP-SOFTWARE
fipstestapp64.mbn	QcTreeExtQcom8480.inf	HP-SOFTWARE
hdcp1.mbn	QcTreeExtQcom8480.inf	HP-SOFTWARE
hdcp2p2.mbn	QcTreeExtQcom8480.inf	HP-SOFTWARE
hdcpsrm.mbn	QcTreeExtQcom8480.inf	HP-SOFTWARE
hmtbtfw20.tlv	qcbluetooth8480.inf	HP-SOFTWARE
hmtnv20.bin	qcbluetooth8480.inf	HP-SOFTWARE
oobmssn.jsn	qcsubsys_ext_oob8480.inf	HP-SOFTWARE
oobmsst.jsn	qcsubsys_ext_oob8480.inf	HP-SOFTWARE
phy_ucode.elf	qcwlancol8480.inf	HP-SOFTWARE
phy_ucode.elf	qcwlancol8480_1.inf	HP-SOFTWARE
phy_ucode20.elf	qcwlanhmt8480.inf	HP-SOFTWARE
pr_3_wp.mbn	QcTreeExtQcom8480.inf	HP-SOFTWARE
qcadsp8480.mbn	qcsubsys_ext_adsp8480.inf	HP-SOFTWARE
qcav1e8480.mbn	qcdx8480.inf	HP-SOFTWARE
qccdsp8480.mbn	qcnspmcdm8480.inf	HP-SOFTWARE
qcdxkmbase8480.bin	qcdx8480.inf	HP-SOFTWARE
qcdxkmbase8480_135.bin	qcdx8480.inf	HP-SOFTWARE
qcdxkmbase8480_170.bin	qcdx8480.inf	HP-SOFTWARE
qcdxkmbase8480_185.bin	qcdx8480.inf	HP-SOFTWARE
qcdxkmbase8480_200.bin	qcdx8480.inf	HP-SOFTWARE
qcdxkmbase8480_ma.bin	qcdx8480.inf	HP-SOFTWARE
qcdxkmbase8480_ma_091.bin	qcdx8480.inf	HP-SOFTWARE
qcdxkmbase8480_ma_096.bin	qcdx8480.inf	HP-SOFTWARE
qcdxkmbase8480_ma_107.bin	qcdx8480.inf	HP-SOFTWARE
qcdxkmbase8480_ma_118.bin	qcdx8480.inf	HP-SOFTWARE
qcdxkmbase8480_ma_135.bin	qcdx8480.inf	HP-SOFTWARE
qcdxkmbase8480_ma_170.bin	qcdx8480.inf	HP-SOFTWARE
qcdxkmbase8480_ma_185.bin	qcdx8480.inf	HP-SOFTWARE
qcdxkmbase8480_ma_200.bin	qcdx8480.inf	HP-SOFTWARE
qcdxkmext8480_CRD.bin	qcdxext_crd8480.inf	HP-SOFTWARE
qcdxkmsuc8480.mbn	qcdx8480.inf	HP-SOFTWARE
qcvk_icd_arm64x.json	qcdx8480.inf	HP-SOFTWARE
qcvss8480.mbn	qcdx8480.inf	HP-SOFTWARE
qdss_trace_config_v1.cfg	qcwlancol8480.inf	HP-SOFTWARE
qdss_trace_config_v1.cfg	qcwlancol8480_1.inf	HP-SOFTWARE
qdss_trace_config_v1.cfg	qcwlanhmt8480.inf	HP-SOFTWARE
qdss_trace_config_v2.cfg	qcwlanhmt8480.inf	HP-SOFTWARE
qsh_battery.json	qcSensorsConfigCrd8480.inf	HP-SOFTWARE
qsh_ble.json	qcSensorsConfigCrd8480.inf	HP-SOFTWARE
qwes.mbn	QcTreeExtQcom8480.inf	HP-SOFTWARE
regdb.bin	qcwlancol8480.inf	HP-SOFTWARE
regdb.bin	qcwlancol8480_1.inf	HP-SOFTWARE
regdb.bin	qcwlanhmt8480.inf	HP-SOFTWARE
rtice.mbn	QcTreeExtQcom8480.inf	HP-SOFTWARE
sns_amd.json	qcSensorsConfigCrd8480.inf	HP-SOFTWARE
sns_amd_sw_enabled.json	qcSensorsConfigCrd8480.inf	HP-SOFTWARE
sns_aont.json	qcSensorsConfigCrd8480.inf	HP-SOFTWARE
sns_cal.json	qcSensorsConfigCrd8480.inf	HP-SOFTWARE
sns_ccd_v1_0_amd.json	qcSensorsConfigCrd8480.inf	HP-SOFTWARE
sns_ccd_v3_1_walk.json	qcSensorsConfigCrd8480.inf	HP-SOFTWARE
sns_ccd_v6_0.json	qcSensorsConfigCrd8480.inf	HP-SOFTWARE
sns_ccd_v6_0_sensors.json	qcSensorsConfigCrd8480.inf	HP-SOFTWARE
sns_ccd_v6_0_te_cd_regs.json	qcSensorsConfigCrd8480.inf	HP-SOFTWARE
sns_cm.json	qcSensorsConfigCrd8480.inf	HP-SOFTWARE
sns_dae.json	qcSensorsConfigCrd8480.inf	HP-SOFTWARE
sns_diag_filter.json	qcSensorsConfigCrd8480.inf	HP-SOFTWARE
sns_direct_channel.json	qcSensorsConfigCrd8480.inf	HP-SOFTWARE
sns_distance_bound.json	qcSensorsConfigCrd8480.inf	HP-SOFTWARE
sns_dpc.json	qcSensorsConfigCrd8480.inf	HP-SOFTWARE
sns_fmv.json	qcSensorsConfigCrd8480.inf	HP-SOFTWARE
sns_geomag_rv.json	qcSensorsConfigCrd8480.inf	HP-SOFTWARE
sns_gyro_cal.json	qcSensorsConfigCrd8480.inf	HP-SOFTWARE
sns_inbag_detect.json	qcSensorsConfigCrd8480.inf	HP-SOFTWARE
sns_mag_cal.json	qcSensorsConfigCrd8480.inf	HP-SOFTWARE
sns_offbody_detect_phone.json	qcSensorsConfigCrd8480.inf	HP-SOFTWARE
sns_pedometer.json	qcSensorsConfigCrd8480.inf	HP-SOFTWARE
sns_psd_disable.json	qcSensorsConfigCrd8480.inf	HP-SOFTWARE
sns_rmd.json	qcSensorsConfigCrd8480.inf	HP-SOFTWARE
sns_rotv.json	qcSensorsConfigCrd8480.inf	HP-SOFTWARE
sns_sim.json	qcSensorsConfigCrd8480.inf	HP-SOFTWARE
sns_smd.json	qcSensorsConfigCrd8480.inf	HP-SOFTWARE
sns_tilt.json	qcSensorsConfigCrd8480.inf	HP-SOFTWARE
sns_tilt_sw_enabled.json	qcSensorsConfigCrd8480.inf	HP-SOFTWARE
sns_tilt_to_wake.json	qcSensorsConfigCrd8480.inf	HP-SOFTWARE
sns_transport_ppe.json	qcSensorsConfigCrd8480.inf	HP-SOFTWARE
soccpr.jsn	qcsubsys_ext_soccp8480.inf	HP-SOFTWARE
stm_lid_angle.json	qcSensorsConfigCrd8480.inf	HP-SOFTWARE
tzsc.mbn	QcTreeExtQcom8480.inf	HP-SOFTWARE
wlanfw.bin	qcwlancol8480.inf	HP-SOFTWARE
wlanfw.bin	qcwlancol8480_1.inf	HP-SOFTWARE
wlanfw.mbn	qcwlanhmt8480.inf	HP-SOFTWARE
wlanfw20.mbn	qcwlanhmt8480.inf	HP-SOFTWARE
