hardware_id	provider	inf_source	evidence
ACPI\AUI0204	ELAN	ETD.inf	HP-SOFTWARE
ACPI\IBM0057	ELAN	ETD.inf	HP-SOFTWARE
ACPI\NCT1001	ELAN	ETD.inf	HP-SOFTWARE
ACPI\QCOM0C6D	Qualcomm Technologies, Inc.	QcUsb4Bus8480.inf	HP-SOFTWARE
ACPI\QCOM0F04	Qualcomm Incorporated	HalExtQCWdogTimer8480.inf	HP-SOFTWARE
ACPI\QCOM0F0A	Qualcomm Inc.	qckmbam8480.inf	HP-SOFTWARE
ACPI\QCOM0F0B	Qualcomm Inc.	qcspmi8480.inf	HP-SOFTWARE
ACPI\QCOM0F0C	Qualcomm Inc.	qcgpio8480.inf	HP-SOFTWARE
ACPI\QCOM0F0D	Qualcomm Incorporated	qcipcrouter8480.inf	HP-SOFTWARE
ACPI\QCOM0F0E	Qualcomm Technologies, Inc.	qcspi8480.inf	HP-SOFTWARE
ACPI\QCOM0F10	Qualcomm Inc.	qci2c8480.inf	HP-SOFTWARE
ACPI\QCOM0F11	Qualcomm Technologies, Inc.	qcadc8480.inf	HP-SOFTWARE
ACPI\QCOM0F11	Qualcomm Technologies, Inc.	qcadc_ext8480.inf	HP-SOFTWARE
ACPI\QCOM0F12	Qualcomm Incorporated	qcdiagcsi8480.inf	HP-SOFTWARE
ACPI\QCOM0F13	Qualcomm Incorporated	qcdiagrouter8480.inf	HP-SOFTWARE
ACPI\QCOM0F16	Qualcomm Technologies, Inc.	qcuart8480.inf	HP-SOFTWARE
ACPI\QCOM0F17	Qualcomm Inc.	qcpep.wd8480.inf	HP-SOFTWARE
ACPI\QCOM0F17	Qualcomm Inc.	qcpep.wd_ext8480.inf	HP-SOFTWARE
ACPI\QCOM0F1B	Qualcomm Technologies, Incorporated	qcsubsys8480.inf	HP-SOFTWARE
ACPI\QCOM0F20	Qualcomm Technologies, Incorporated	qcsubsys8480.inf	HP-SOFTWARE
ACPI\QCOM0F2A	Qualcomm Incorporated	qcbattminiclass8480.inf	HP-SOFTWARE
ACPI\QCOM0F2B	Qualcomm Inc.	qcpmic8480.inf	HP-SOFTWARE
ACPI\QCOM0F2C	Qualcomm Inc.	qcpmicapps8480.inf	HP-SOFTWARE
ACPI\QCOM0F2D	Qualcomm Inc.	qcpmicgpio8480.inf	HP-SOFTWARE
ACPI\QCOM0F2F	Qualcomm Incorporated	qccdi8480.inf	HP-SOFTWARE
ACPI\QCOM0F37	Qualcomm Inc.	qcpep.wd8480.inf	HP-SOFTWARE
ACPI\QCOM0F38	Qualcomm Inc.	qcpep.wd8480.inf	HP-SOFTWARE
ACPI\QCOM0F39	Qualcomm Inc.	qcpep.wd8480.inf	HP-SOFTWARE
ACPI\QCOM0F3A	Qualcomm Inc.	qcpep.wd8480.inf	HP-SOFTWARE
ACPI\QCOM0F3B	Qualcomm Inc.	qcpep.wd8480.inf	HP-SOFTWARE
ACPI\QCOM0F3C	Qualcomm Inc.	qcpep.wd8480.inf	HP-SOFTWARE
ACPI\QCOM0F3D	Qualcomm Inc.	qcpep.wd8480.inf	HP-SOFTWARE
ACPI\QCOM0F3E	Qualcomm Inc.	qcpep.wd8480.inf	HP-SOFTWARE
ACPI\QCOM0F3F	Qualcomm Inc.	qcpep.wd8480.inf	HP-SOFTWARE
ACPI\QCOM0F40	Qualcomm Inc.	qcpep.wd8480.inf	HP-SOFTWARE
ACPI\QCOM0F41	Qualcomm Inc.	qcpep.wd8480.inf	HP-SOFTWARE
ACPI\QCOM0F42	Qualcomm Inc.	qcpep.wd8480.inf	HP-SOFTWARE
ACPI\QCOM0F43	Qualcomm Inc.	qcpep.wd8480.inf	HP-SOFTWARE
ACPI\QCOM0F44	Qualcomm Inc.	qcpep.wd8480.inf	HP-SOFTWARE
ACPI\QCOM0F45	Qualcomm Inc.	qcpep.wd8480.inf	HP-SOFTWARE
ACPI\QCOM0F46	Qualcomm Inc.	qcpep.wd8480.inf	HP-SOFTWARE
ACPI\QCOM0F47	Qualcomm Inc.	qcpep.wd8480.inf	HP-SOFTWARE
ACPI\QCOM0F48	Qualcomm Inc.	qcpep.wd8480.inf	HP-SOFTWARE
ACPI\QCOM0F49	Qualcomm Inc.	qcpep.wd8480.inf	HP-SOFTWARE
ACPI\QCOM0F4A	Qualcomm Inc.	qcpep.wd8480.inf	HP-SOFTWARE
ACPI\QCOM0F4B	Qualcomm Inc.	qcpep.wd8480.inf	HP-SOFTWARE
ACPI\QCOM0F4C	Qualcomm Inc.	qcpep.wd8480.inf	HP-SOFTWARE
ACPI\QCOM0F4D	Qualcomm Inc.	qcpep.wd8480.inf	HP-SOFTWARE
ACPI\QCOM0F4E	Qualcomm Inc.	qcpep.wd8480.inf	HP-SOFTWARE
ACPI\QCOM0F4F	Qualcomm Inc.	qcpep.wd8480.inf	HP-SOFTWARE
ACPI\QCOM0F50	Qualcomm Inc.	qcpep.wd8480.inf	HP-SOFTWARE
ACPI\QCOM0F51	Qualcomm Inc.	qcpep.wd8480.inf	HP-SOFTWARE
ACPI\QCOM0F52	Qualcomm Inc.	qcpep.wd8480.inf	HP-SOFTWARE
ACPI\QCOM0F53	Qualcomm Inc.	qcpep.wd8480.inf	HP-SOFTWARE
ACPI\QCOM0F54	Qualcomm Inc.	qcpep.wd8480.inf	HP-SOFTWARE
ACPI\QCOM0F55	Qualcomm Inc.	qcpep.wd8480.inf	HP-SOFTWARE
ACPI\QCOM0F56	Qualcomm Inc.	qcqdss8480.inf	HP-SOFTWARE
ACPI\QCOM0F58	Qualcomm Inc.	qcpep.wd8480.inf	HP-SOFTWARE
ACPI\QCOM0F59	Qualcomm Inc.	qcpep.wd8480.inf	HP-SOFTWARE
ACPI\QCOM0F5A	Qualcomm Inc.	qcpep.wd8480.inf	HP-SOFTWARE
ACPI\QCOM0F5C	Qualcomm Technologies, Inc.	qcadsprpc8480.inf	HP-SOFTWARE
ACPI\QCOM0F5E	Qualcomm Inc.	qcpep.wd8480.inf	HP-SOFTWARE
ACPI\QCOM0F5F	Qualcomm Inc.	qcpep.wd8480.inf	HP-SOFTWARE
ACPI\QCOM0F60	Qualcomm Inc.	qcpep.wd8480.inf	HP-SOFTWARE
ACPI\QCOM0F61	Qualcomm Inc.	qcpep.wd8480.inf	HP-SOFTWARE
ACPI\QCOM0F62	Qualcomm Inc.	qcpep.wd8480.inf	HP-SOFTWARE
ACPI\QCOM0F63	Qualcomm Inc.	qcpep.wd8480.inf	HP-SOFTWARE
ACPI\QCOM0F64	Qualcomm Inc.	qcpep.wd8480.inf	HP-SOFTWARE
ACPI\QCOM0F65	Qualcomm Inc.	qcpep.wd8480.inf	HP-SOFTWARE
ACPI\QCOM0F68	Qualcomm Technologies Inc	qchwnled8480.inf	HP-SOFTWARE
ACPI\QCOM0F77	Qualcomm Inc.	qcfgbcl8480.inf	HP-SOFTWARE
ACPI\QCOM0F82	Qualcomm Technologies, Inc.	qcadsprpcd8480.inf	HP-SOFTWARE
ACPI\QCOM0F83	Qualcomm Inc.	qcsyscache8480.inf	HP-SOFTWARE
ACPI\QCOM0F84	Qualcomm Inc.	qcglink8480.inf	HP-SOFTWARE
ACPI\QCOM0F85	Qualcomm Inc.	qcRng8480.inf	HP-SOFTWARE
ACPI\QCOM0F87	Qualcomm Technologies Inc.	qcsp8480.inf	HP-SOFTWARE
ACPI\QCOM0F88	Qualcomm Technologies, Inc.	qcgpi8480.inf	HP-SOFTWARE
ACPI\QCOM0F8D	Qualcomm Technologies, Incorporated	qcsubsys8480.inf	HP-SOFTWARE
ACPI\QCOM0F8E	Qualcomm Incorporated	qcpmicglink8480.inf	HP-SOFTWARE
ACPI\QCOM0F90	Qualcomm Inc.	qcpep.wd8480.inf	HP-SOFTWARE
ACPI\QCOM0F91	Qualcomm Inc.	qcpep.wd8480.inf	HP-SOFTWARE
ACPI\QCOM0F96	Qualcomm Inc.	qcppx8480.inf	HP-SOFTWARE
ACPI\QCOM0F9A	Qualcomm Technologies, Inc.	QcXhciFilter8480.inf	HP-SOFTWARE
ACPI\QCOM0F9D	Qualcomm Technologies, Inc.	qcusbcucsi8480.inf	HP-SOFTWARE
ACPI\QCOM0FA1	Qualcomm	qcconnectionsecurity8480.inf	HP-SOFTWARE
ACPI\QCOM0FA5	Qualcomm Incorporated	QcSkExt8480.inf	HP-SOFTWARE
ACPI\QCOM0FA6	Qualcomm Technologies, Incorporated	qcsubsys8480.inf	HP-SOFTWARE
ACPI\QCOM0FA7	Qualcomm Inc.	qcpep.wd8480.inf	HP-SOFTWARE
ACPI\QCOM0FA8	Qualcomm Inc.	qcpep.wd8480.inf	HP-SOFTWARE
ACPI\QCOM0FA9	Qualcomm Inc.	qcpep.wd8480.inf	HP-SOFTWARE
ACPI\QCOM0FAA	Qualcomm Inc.	qcpep.wd8480.inf	HP-SOFTWARE
ACPI\QCOM0FAB	Qualcomm Inc.	qcpep.wd8480.inf	HP-SOFTWARE
ACPI\QCOM0FAC	Qualcomm Inc.	qcpep.wd8480.inf	HP-SOFTWARE
ACPI\QCOM0FAD	Qualcomm Inc.	qcpep.wd8480.inf	HP-SOFTWARE
ACPI\QCOM0FAE	Qualcomm Inc.	qcpep.wd8480.inf	HP-SOFTWARE
ACPI\QCOM0FAF	Qualcomm Inc.	qcpep.wd8480.inf	HP-SOFTWARE
ACPI\QCOM0FB0	Qualcomm Inc.	qcpep.wd8480.inf	HP-SOFTWARE
ACPI\QCOM0FB1	Qualcomm Inc.	qcpep.wd8480.inf	HP-SOFTWARE
ACPI\QCOM0FB2	Qualcomm Inc.	qcpep.wd8480.inf	HP-SOFTWARE
ACPI\QCOM0FB3	Qualcomm Inc.	qcpep.wd8480.inf	HP-SOFTWARE
ACPI\QCOM0FB4	Qualcomm Inc.	qcpep.wd8480.inf	HP-SOFTWARE
ACPI\QCOM0FB5	Qualcomm Inc.	qcpep.wd8480.inf	HP-SOFTWARE
ACPI\QCOM0FB9	Qualcomm Inc.	qcpep.wd8480.inf	HP-SOFTWARE
ACPI\QCOM0FBB	Qualcomm Inc.	qcpep.wd8480.inf	HP-SOFTWARE
ACPI\QCOM0FC6	Qualcomm Inc.	qcpmic8480.inf	HP-SOFTWARE
ACPI\QCOM0FCA	Qualcomm Inc.	qcwwanpowerdown.inf	HP-SOFTWARE
ACPI\QCOM0FCC	Qualcomm Inc.	qcsecapp.inf	HP-SOFTWARE
ACPI\QCOM0FD7	Qualcomm Inc.	qceva8480.inf	HP-SOFTWARE
ACPI\QCOM0FD8	Qualcomm Inc.	qcpep.wd8480.inf	HP-SOFTWARE
ACPI\QCOM0FD8	Qualcomm Inc.	qcpep.wd_ext8480.inf	HP-SOFTWARE
ACPI\QCOM0FD9	Qualcomm Inc.	qcpep.wd8480.inf	HP-SOFTWARE
ACPI\QCOM0FD9	Qualcomm Inc.	qcpep.wd_ext8480.inf	HP-SOFTWARE
ACPI\QCOM0FDA	Qualcomm Inc.	qcpep.wd_ext8480.inf	HP-SOFTWARE
ACPI\QCOM0FDB	Qualcomm Inc.	qcpep.wd_ext8480.inf	HP-SOFTWARE
ACPI\QCOM0FDC	Qualcomm Inc.	qcpep.wd_ext8480.inf	HP-SOFTWARE
ACPI\QCOM0FDD	Qualcomm Inc.	qcpep.wd8480.inf	HP-SOFTWARE
ACPI\QCOM0FDD	Qualcomm Inc.	qcpep.wd_ext8480.inf	HP-SOFTWARE
ACPI\QCOM0FDD&SUBSYS_CUST8480&REV_0091	Qualcomm Inc.	qcpep.wd8480.inf	HP-SOFTWARE
ACPI\QCOM0FDD&SUBSYS_CUST8480&REV_0092	Qualcomm Inc.	qcpep.wd8480.inf	HP-SOFTWARE
ACPI\QCOM0FDE	Qualcomm Inc.	qcpep.wd8480.inf	HP-SOFTWARE
ACPI\QCOM0FDE	Qualcomm Inc.	qcpep.wd_ext8480.inf	HP-SOFTWARE
ACPI\QCOM0FDF	Qualcomm Inc.	qcpep.wd8480.inf	HP-SOFTWARE
ACPI\QCOM0FDF	Qualcomm Inc.	qcpep.wd_ext8480.inf	HP-SOFTWARE
ACPI\QCOM0FE1	Qualcomm Inc.	qcpep.wd8480.inf	HP-SOFTWARE
ACPI\QCOM0FE1	Qualcomm Inc.	qcpep.wd_ext8480.inf	HP-SOFTWARE
ACPI\QCOM0FE2	Qualcomm Inc.	qcpep.wd8480.inf	HP-SOFTWARE
ACPI\QCOM0FE2	Qualcomm Inc.	qcpep.wd_ext8480.inf	HP-SOFTWARE
ACPI\QCOM0FE3	Qualcomm Inc.	qcpep.wd8480.inf	HP-SOFTWARE
ACPI\QCOM0FE4	Qualcomm Inc.	qcpep.wd8480.inf	HP-SOFTWARE
ACPI\QCOM0FE5	Qualcomm Inc.	qcpep.wd8480.inf	HP-SOFTWARE
ACPI\QCOM0FE6	Qualcomm Inc.	qcpep.wd8480.inf	HP-SOFTWARE
ACPI\QCOM0FE7	Qualcomm Inc.	qcpep.wd8480.inf	HP-SOFTWARE
ACPI\QCOM0FE8	Qualcomm Inc.	qcpep.wd8480.inf	HP-SOFTWARE
ACPI\QCOM0FEA	Qualcomm Technologies, Inc.	qcbtacx_transportdriver8480.inf	HP-SOFTWARE
ACPI\QCOM0FEC	Qualcomm Incorporated	qcAlwaysOnSensing.inf	HP-SOFTWARE
ACPI\QCOM0FEE	Qualcomm Technologies, Inc.	QcXhciFilter8480.inf	HP-SOFTWARE
ACPI\QCOM0FEF	Qualcomm Technologies, Inc.	QcXhciFilter8480.inf	HP-SOFTWARE
ACPI\QCOM0FF7	Qualcomm	qcDCF8480.inf	HP-SOFTWARE
ACPI\QCOM0FF8	Qualcomm	qcHumanPresenceSensor8480.inf	HP-SOFTWARE
ACPI\QCOM0FF9	Qualcomm Inc.	qciommu8480.inf	HP-SOFTWARE
ACPI\QCOM0FF9	Qualcomm Inc.	qciommuext8480.inf	HP-SOFTWARE
ACPI\QCOM0FFA	Qualcomm Incorporated	qcpdsr8480.inf	HP-SOFTWARE
ACPI\QCOM0FFB	Qualcomm Incorporated	qcpil8480.inf	HP-SOFTWARE
ACPI\QCOM0FFB	Qualcomm Technologies Inc.	qcpilfilterext8480.inf	HP-SOFTWARE
ACPI\QCOM0FFC	Qualcomm Incorporated	QCDiagBridge8480.inf	HP-SOFTWARE
ACPI\QCOM0FFD	Qualcomm Technologies Inc.	QcSOCPartition8480.inf	HP-SOFTWARE
ACPI\QCOM0FFE	Qualcomm Technologies, Incorporated	QcTftpKmdf8480.inf	HP-SOFTWARE
ACPI\QCOM0FFF	Qualcomm	qSarMgr8480.inf	HP-SOFTWARE
ACPI\QCOM1000	Qualcomm Incorporated	qcrpen8480.inf	HP-SOFTWARE
ACPI\QCOM1001	Qualcomm Inc.	qcscm8480.inf	HP-SOFTWARE
ACPI\QCOM1003	Qualcomm Technologies, Incorporated	qcshutdownsvc8480.inf	HP-SOFTWARE
ACPI\QCOM1004	Qualcomm	qcSSGServicesUMD8480.inf	HP-SOFTWARE
ACPI\QCOM1005	Qualcomm Technologies, Incorporated	qcSubsysThermalMgr8480.inf	HP-SOFTWARE
ACPI\QCOM1006	Qualcomm	qcSensors8480.inf	HP-SOFTWARE
ACPI\QCOM1008	Qualcomm Inc.	qcpep.wd8480.inf	HP-SOFTWARE
ACPI\QCOM1009	Qualcomm Inc.	qcpep.wd8480.inf	HP-SOFTWARE
ACPI\QCOM100A	Qualcomm Inc.	qcpep.wd8480.inf	HP-SOFTWARE
ACPI\QCOM100B	Qualcomm Inc.	qcpep.wd8480.inf	HP-SOFTWARE
ACPI\QCOM100C	Qualcomm Inc.	qcpep.wd8480.inf	HP-SOFTWARE
ACPI\QCOM100D	Qualcomm Inc.	qcpep.wd8480.inf	HP-SOFTWARE
ACPI\QCOM100E	Qualcomm Inc.	qcpep.wd8480.inf	HP-SOFTWARE
ACPI\QCOM100F	Qualcomm Inc.	qcpep.wd8480.inf	HP-SOFTWARE
ACPI\QCOM1010	Qualcomm Inc.	qcpep.wd8480.inf	HP-SOFTWARE
ACPI\QCOM1011	Qualcomm Inc.	qcpep.wd8480.inf	HP-SOFTWARE
ACPI\QCOM1012	Qualcomm Inc.	qcpep.wd8480.inf	HP-SOFTWARE
ACPI\QCOM1013	Qualcomm Inc.	qcpep.wd8480.inf	HP-SOFTWARE
ACPI\QCOM1014	Qualcomm Inc.	qcpep.wd8480.inf	HP-SOFTWARE
ACPI\QCOM1015	Qualcomm Inc.	qcpep.wd8480.inf	HP-SOFTWARE
ACPI\QCOM1016	Qualcomm Inc.	qcpep.wd8480.inf	HP-SOFTWARE
ACPI\QCOM1017	Qualcomm Inc.	qcpep.wd8480.inf	HP-SOFTWARE
ACPI\QCOM1018	Qualcomm Inc.	qcpep.wd8480.inf	HP-SOFTWARE
ACPI\QCOM1019	Qualcomm Inc.	qcpep.wd8480.inf	HP-SOFTWARE
ACPI\QCOM101A	Qualcomm Inc.	qcpep.wd8480.inf	HP-SOFTWARE
ACPI\QCOM101B	Qualcomm Inc.	qcpep.wd8480.inf	HP-SOFTWARE
ACPI\QCOM101C	Qualcomm Inc.	qcpep.wd8480.inf	HP-SOFTWARE
ACPI\QCOM101D	Qualcomm Inc.	qcpep.wd8480.inf	HP-SOFTWARE
ACPI\QCOM101E	Qualcomm Inc.	qcpep.wd8480.inf	HP-SOFTWARE
ACPI\QCOM101F	Qualcomm Inc.	qcpep.wd8480.inf	HP-SOFTWARE
ACPI\QCOM1020	Qualcomm Inc.	qcpep.wd8480.inf	HP-SOFTWARE
ACPI\QCOM1021	Qualcomm Inc.	qcpep.wd8480.inf	HP-SOFTWARE
ACPI\QCOM1022	Qualcomm Inc.	qcpep.wd8480.inf	HP-SOFTWARE
ACPI\QCOM1023	Qualcomm Inc.	qcpep.wd8480.inf	HP-SOFTWARE
ACPI\QCOM1024	Qualcomm Inc.	qcpep.wd8480.inf	HP-SOFTWARE
ACPI\QCOM1025	Qualcomm Inc.	qcpep.wd8480.inf	HP-SOFTWARE
ACPI\QCOM1026	Qualcomm Inc.	qcpep.wd8480.inf	HP-SOFTWARE
ACPI\QCOM1027	Qualcomm Inc.	qcpep.wd8480.inf	HP-SOFTWARE
ACPI\QCOM1028	Qualcomm Inc.	qcpep.wd8480.inf	HP-SOFTWARE
ACPI\QCOM1029	Qualcomm Inc.	qcpep.wd8480.inf	HP-SOFTWARE
ACPI\QCOM102A	Qualcomm Inc.	qcpep.wd8480.inf	HP-SOFTWARE
ACPI\QCOM102B	Qualcomm Inc.	qcpep.wd8480.inf	HP-SOFTWARE
ACPI\QCOM102C	Qualcomm Inc.	qcpep.wd8480.inf	HP-SOFTWARE
ACPI\QCOM102D	Qualcomm Inc.	qcpep.wd8480.inf	HP-SOFTWARE
ACPI\QCOM102E	Qualcomm Inc.	qcpep.wd8480.inf	HP-SOFTWARE
ACPI\QCOM102F	Qualcomm Inc.	qcpep.wd8480.inf	HP-SOFTWARE
ACPI\QCOM1030	Qualcomm Inc.	qcpep.wd8480.inf	HP-SOFTWARE
ACPI\QCOM1031	Qualcomm Inc.	qcpep.wd8480.inf	HP-SOFTWARE
ACPI\QCOM1032	Qualcomm Inc.	qcbcryptcipherkm8480.inf	HP-SOFTWARE
ACPI\QCOM1033	Qualcomm Inc.	qcpep.wd8480.inf	HP-SOFTWARE
ACPI\QCOM1033	Qualcomm Inc.	qcpep.wd_ext8480.inf	HP-SOFTWARE
ACPI\QCOM1036	Qualcomm Technologies, Incorporated	qcsubsys8480.inf	HP-SOFTWARE
ACPI\QCOM1037	Qualcomm Technologies, Incorporated	qcsubsys8480.inf	HP-SOFTWARE
ACPI\QCOM1038	Qualcomm Inc.	qcpep.wd8480.inf	HP-SOFTWARE
ACPI\QCOM1039	Qualcomm Inc.	qcpep.wd8480.inf	HP-SOFTWARE
ACPI\QCOM103A	Qualcomm Inc.	qcpep.wd8480.inf	HP-SOFTWARE
ACPI\QCOM103B	Qualcomm Inc.	QcSocServiceKMDF8480.inf	HP-SOFTWARE
ACPI\QCOM103C	Qualcomm Technologies, Incorporated.	qcsbod8480.inf	HP-SOFTWARE
ACPI\QCOM103D	Qualcomm Inc.	qcice8480.inf	HP-SOFTWARE
ACPI\QCOM103E	Qualcomm Inc.	QcTrEE8480.inf	HP-SOFTWARE
ACPI\QCOM103F	Qualcomm Inc.	qcpep.wd8480.inf	HP-SOFTWARE
ACPI\QCOM1040	Qualcomm Technologies, Inc.	qcrdbg8480.inf	HP-SOFTWARE
ACPI\QCOM1042	Qualcomm Incorporated	ppte.wd8480.inf	HP-SOFTWARE
ACPI\QCOM1043	Qualcomm Inc.	qcqstfconfig8480.inf	HP-SOFTWARE
ACPI\QCOM1044	Qualcomm Technologies, Inc.	qc_cpu_audio_processing_ext_ep8480.inf	HP-SOFTWARE
ACPI\QCOM1045	Qualcomm Technologies Inc.	qcabd8480.inf	HP-SOFTWARE
ACPI\QCOM1046	Qualcomm Incorporated	qcipcc8480.inf	HP-SOFTWARE
ACPI\QCOM1047	Qualcomm	qcSenD8480.inf	HP-SOFTWARE
ACPI\QCOM1048	Qualcomm	qcSensors8480.inf	HP-SOFTWARE
ACPI\QCOM1049	Qualcomm	qcOobWindowsService8480.inf	HP-SOFTWARE
ACPI\QCOM104A	Qualcomm	VoiceAssistantDriver8480.inf	HP-SOFTWARE
ACPI\QCOMFFDF	Qualcomm Technologies, Incorporated	qcSubsysThermalMgr8480.inf	HP-SOFTWARE
ACPI\QCOMFFE1	Qualcomm Technologies Inc.	qcursext.inf	HP-SOFTWARE
ACPI\QCOMFFF0	Microsoft Corporation	MicrosoftEffectPack_extension.inf	HP-SOFTWARE
ACPI\VEN_QCOM&DEV_0693&SUBSYS_CRD08480	Qualcomm Technologies Inc	qcSensorsConfigCrd8480.inf	HP-SOFTWARE
ACPI\VEN_QCOM&DEV_0694&SUBSYS_CRD08480	Qualcomm Technologies Inc	qcSensorsConfigCrd8480.inf	HP-SOFTWARE
ACPI\VEN_QCOM&DEV_0F17&SUBSYS_CUST8480&REV_0001	Qualcomm Inc.	qcpep.wd8480.inf	HP-SOFTWARE
ACPI\VEN_QCOM&DEV_0F17&SUBSYS_CUST8480&REV_0002	Qualcomm Inc.	qcpep.wd8480.inf	HP-SOFTWARE
ACPI\VEN_QCOM&DEV_0F17&SUBSYS_CUST8480&REV_0003	Qualcomm Inc.	qcpep.wd8480.inf	HP-SOFTWARE
ACPI\VEN_QCOM&DEV_0F17&SUBSYS_CUST8480&REV_0005	Qualcomm Inc.	qcpep.wd8480.inf	HP-SOFTWARE
ACPI\VEN_QCOM&DEV_0F17&SUBSYS_CUST8480&REV_0006	Qualcomm Inc.	qcpep.wd8480.inf	HP-SOFTWARE
ACPI\VEN_QCOM&DEV_0F17&SUBSYS_CUST8480&REV_0007	Qualcomm Inc.	qcpep.wd8480.inf	HP-SOFTWARE
ACPI\VEN_QCOM&DEV_0F17&SUBSYS_CUST8480&REV_0008	Qualcomm Inc.	qcpep.wd8480.inf	HP-SOFTWARE
ACPI\VEN_QCOM&DEV_0F17&SUBSYS_CUST8480&REV_0009	Qualcomm Inc.	qcpep.wd8480.inf	HP-SOFTWARE
ACPI\VEN_QCOM&DEV_0F17&SUBSYS_CUST8480&REV_000A	Qualcomm Inc.	qcpep.wd8480.inf	HP-SOFTWARE
ACPI\VEN_QCOM&DEV_0F17&SUBSYS_CUST8480&REV_000B	Qualcomm Inc.	qcpep.wd8480.inf	HP-SOFTWARE
ACPI\VEN_QCOM&DEV_0F17&SUBSYS_CUST8480&REV_000C	Qualcomm Inc.	qcpep.wd8480.inf	HP-SOFTWARE
ACPI\VEN_QCOM&DEV_0F17&SUBSYS_CUST8480&REV_000D	Qualcomm Inc.	qcpep.wd8480.inf	HP-SOFTWARE
ACPI\VEN_QCOM&DEV_0F17&SUBSYS_CUST8480&REV_0015	Qualcomm Inc.	qcpep.wd8480.inf	HP-SOFTWARE
ACPI\VEN_QCOM&DEV_0F17&SUBSYS_CUST8480&REV_0016	Qualcomm Inc.	qcpep.wd8480.inf	HP-SOFTWARE
ACPI\VEN_QCOM&DEV_0F17&SUBSYS_CUST8480&REV_0017	Qualcomm Inc.	qcpep.wd8480.inf	HP-SOFTWARE
ACPI\VEN_QCOM&DEV_0F17&SUBSYS_CUST8480&REV_0018	Qualcomm Inc.	qcpep.wd8480.inf	HP-SOFTWARE
ACPI\VEN_QCOM&DEV_0F17&SUBSYS_CUST8480&REV_0019	Qualcomm Inc.	qcpep.wd8480.inf	HP-SOFTWARE
ACPI\VEN_QCOM&DEV_0F17&SUBSYS_CUST8480&REV_001A	Qualcomm Inc.	qcpep.wd8480.inf	HP-SOFTWARE
ACPI\VEN_QCOM&DEV_0F17&SUBSYS_CUST8480&REV_001B	Qualcomm Inc.	qcpep.wd8480.inf	HP-SOFTWARE
ACPI\VEN_QCOM&DEV_0F17&SUBSYS_CUST8480&REV_001C	Qualcomm Inc.	qcpep.wd8480.inf	HP-SOFTWARE
ACPI\VEN_QCOM&DEV_0F17&SUBSYS_CUST8480&REV_001D	Qualcomm Inc.	qcpep.wd8480.inf	HP-SOFTWARE
ACPI\VEN_QCOM&DEV_0F17&SUBSYS_CUST8480&REV_001E	Qualcomm Inc.	qcpep.wd8480.inf	HP-SOFTWARE
ACPI\VEN_QCOM&DEV_0F17&SUBSYS_CUST8480&REV_001F	Qualcomm Inc.	qcpep.wd8480.inf	HP-SOFTWARE
ACPI\VEN_QCOM&DEV_0F17&SUBSYS_CUST8480&REV_0020	Qualcomm Inc.	qcpep.wd8480.inf	HP-SOFTWARE
ACPI\VEN_QCOM&DEV_0F17&SUBSYS_CUST8480&REV_0025	Qualcomm Inc.	qcpep.wd8480.inf	HP-SOFTWARE
ACPI\VEN_QCOM&DEV_0F17&SUBSYS_CUST8480&REV_0026	Qualcomm Inc.	qcpep.wd8480.inf	HP-SOFTWARE
ACPI\VEN_QCOM&DEV_0F17&SUBSYS_CUST8480&REV_0027	Qualcomm Inc.	qcpep.wd8480.inf	HP-SOFTWARE
ACPI\VEN_QCOM&DEV_0F17&SUBSYS_CUST8480&REV_0030	Qualcomm Inc.	qcpep.wd8480.inf	HP-SOFTWARE
ACPI\VEN_QCOM&DEV_0F17&SUBSYS_CUST8480&REV_0033	Qualcomm Inc.	qcpep.wd8480.inf	HP-SOFTWARE
ACPI\VEN_QCOM&DEV_0F17&SUBSYS_CUST8480&REV_0042	Qualcomm Inc.	qcpep.wd8480.inf	HP-SOFTWARE
ACPI\VEN_QCOM&DEV_0F17&SUBSYS_CUST8480&REV_0048	Qualcomm Inc.	qcpep.wd8480.inf	HP-SOFTWARE
ACPI\VEN_QCOM&DEV_0F17&SUBSYS_CUST8480&REV_0049	Qualcomm Inc.	qcpep.wd8480.inf	HP-SOFTWARE
ACPI\VEN_QCOM&DEV_0F17&SUBSYS_CUST8480&REV_004A	Qualcomm Inc.	qcpep.wd8480.inf	HP-SOFTWARE
ACPI\VEN_QCOM&DEV_0F17&SUBSYS_CUST8480&REV_004B	Qualcomm Inc.	qcpep.wd8480.inf	HP-SOFTWARE
ACPI\VEN_QCOM&DEV_0F17&SUBSYS_CUST8480&REV_004C	Qualcomm Inc.	qcpep.wd8480.inf	HP-SOFTWARE
ACPI\VEN_QCOM&DEV_0F17&SUBSYS_CUST8480&REV_004D	Qualcomm Inc.	qcpep.wd8480.inf	HP-SOFTWARE
ACPI\VEN_QCOM&DEV_0F17&SUBSYS_CUST8480&REV_004E	Qualcomm Inc.	qcpep.wd8480.inf	HP-SOFTWARE
ACPI\VEN_QCOM&DEV_0F17&SUBSYS_CUST8480&REV_004F	Qualcomm Inc.	qcpep.wd8480.inf	HP-SOFTWARE
ACPI\VEN_QCOM&DEV_0F17&SUBSYS_CUST8480&REV_0050	Qualcomm Inc.	qcpep.wd8480.inf	HP-SOFTWARE
ACPI\VEN_QCOM&DEV_0F17&SUBSYS_CUST8480&REV_0051	Qualcomm Inc.	qcpep.wd8480.inf	HP-SOFTWARE
ACPI\VEN_QCOM&DEV_0F17&SUBSYS_CUST8480&REV_0052	Qualcomm Inc.	qcpep.wd8480.inf	HP-SOFTWARE
ACPI\VEN_QCOM&DEV_0F17&SUBSYS_CUST8480&REV_0053	Qualcomm Inc.	qcpep.wd8480.inf	HP-SOFTWARE
ACPI\VEN_QCOM&DEV_0F17&SUBSYS_CUST8480&REV_0054	Qualcomm Inc.	qcpep.wd8480.inf	HP-SOFTWARE
ACPI\VEN_QCOM&DEV_0F17&SUBSYS_CUST8480&REV_0056	Qualcomm Inc.	qcpep.wd8480.inf	HP-SOFTWARE
ACPI\VEN_QCOM&DEV_0F17&SUBSYS_CUST8480&REV_0057	Qualcomm Inc.	qcpep.wd8480.inf	HP-SOFTWARE
ACPI\VEN_QCOM&DEV_0F17&SUBSYS_CUST8480&REV_0058	Qualcomm Inc.	qcpep.wd8480.inf	HP-SOFTWARE
ACPI\VEN_QCOM&DEV_0F17&SUBSYS_CUST8480&REV_0059	Qualcomm Inc.	qcpep.wd8480.inf	HP-SOFTWARE
ACPI\VEN_QCOM&DEV_0F17&SUBSYS_CUST8480&REV_005A	Qualcomm Inc.	qcpep.wd8480.inf	HP-SOFTWARE
ACPI\VEN_QCOM&DEV_0F17&SUBSYS_CUST8480&REV_0060	Qualcomm Inc.	qcpep.wd8480.inf	HP-SOFTWARE
ACPI\VEN_QCOM&DEV_0F17&SUBSYS_CUST8480&REV_0061	Qualcomm Inc.	qcpep.wd8480.inf	HP-SOFTWARE
ACPI\VEN_QCOM&DEV_0F17&SUBSYS_CUST8480&REV_007E	Qualcomm Inc.	qcpep.wd8480.inf	HP-SOFTWARE
ACPI\VEN_QCOM&DEV_0F17&SUBSYS_CUST8480&REV_007F	Qualcomm Inc.	qcpep.wd8480.inf	HP-SOFTWARE
ACPI\VEN_QCOM&DEV_0F17&SUBSYS_CUST8480&REV_0080	Qualcomm Inc.	qcpep.wd8480.inf	HP-SOFTWARE
ACPI\VEN_QCOM&DEV_0F17&SUBSYS_CUST8480&REV_0081	Qualcomm Inc.	qcpep.wd8480.inf	HP-SOFTWARE
ACPI\VEN_QCOM&DEV_0F17&SUBSYS_CUST8480&REV_0082	Qualcomm Inc.	qcpep.wd8480.inf	HP-SOFTWARE
ACPI\VEN_QCOM&DEV_0F17&SUBSYS_CUST8480&REV_0083	Qualcomm Inc.	qcpep.wd8480.inf	HP-SOFTWARE
ACPI\VEN_QCOM&DEV_0F17&SUBSYS_CUST8480&REV_0084	Qualcomm Inc.	qcpep.wd8480.inf	HP-SOFTWARE
ACPI\VEN_QCOM&DEV_0F17&SUBSYS_CUST8480&REV_0085	Qualcomm Inc.	qcpep.wd8480.inf	HP-SOFTWARE
ACPI\VEN_QCOM&DEV_0F17&SUBSYS_CUST8480&REV_0086	Qualcomm Inc.	qcpep.wd8480.inf	HP-SOFTWARE
ACPI\VEN_QCOM&DEV_0F17&SUBSYS_CUST8480&REV_0087	Qualcomm Inc.	qcpep.wd8480.inf	HP-SOFTWARE
ACPI\VEN_QCOM&DEV_0F17&SUBSYS_CUST8480&REV_0088	Qualcomm Inc.	qcpep.wd8480.inf	HP-SOFTWARE
ACPI\VEN_QCOM&DEV_0F17&SUBSYS_CUST8480&REV_0089	Qualcomm Inc.	qcpep.wd8480.inf	HP-SOFTWARE
ACPI\VEN_QCOM&DEV_0F17&SUBSYS_CUST8480&REV_008A	Qualcomm Inc.	qcpep.wd8480.inf	HP-SOFTWARE
ACPI\VEN_QCOM&DEV_0F17&SUBSYS_CUST8480&REV_008E	Qualcomm Inc.	qcpep.wd8480.inf	HP-SOFTWARE
ACPI\VEN_QCOM&DEV_0F17&SUBSYS_CUST8480&REV_0090	Qualcomm Inc.	qcpep.wd8480.inf	HP-SOFTWARE
ACPI\VEN_QCOM&DEV_0F17&SUBSYS_CUST8480&REV_0091	Qualcomm Inc.	qcpep.wd8480.inf	HP-SOFTWARE
ACPI\VEN_QCOM&DEV_0F17&SUBSYS_CUST8480&REV_0092	Qualcomm Inc.	qcpep.wd8480.inf	HP-SOFTWARE
ACPI\VEN_QCOM&DEV_0F17&SUBSYS_CUST8480&REV_0093	Qualcomm Inc.	qcpep.wd8480.inf	HP-SOFTWARE
ACPI\VEN_QCOM&DEV_0F17&SUBSYS_CUST8480&REV_0094	Qualcomm Inc.	qcpep.wd8480.inf	HP-SOFTWARE
ACPI\VEN_QCOM&DEV_0F17&SUBSYS_CUST8480&REV_0095	Qualcomm Inc.	qcpep.wd8480.inf	HP-SOFTWARE
ACPI\VEN_QCOM&DEV_0F17&SUBSYS_CUST8480&REV_0096	Qualcomm Inc.	qcpep.wd8480.inf	HP-SOFTWARE
ACPI\VEN_QCOM&DEV_0F17&SUBSYS_CUST8480&REV_0098	Qualcomm Inc.	qcpep.wd8480.inf	HP-SOFTWARE
ACPI\VEN_QCOM&DEV_0F17&SUBSYS_CUST8480&REV_009C	Qualcomm Inc.	qcpep.wd8480.inf	HP-SOFTWARE
ACPI\VEN_QCOM&DEV_0F17&SUBSYS_CUST8480&REV_009D	Qualcomm Inc.	qcpep.wd8480.inf	HP-SOFTWARE
ACPI\VEN_QCOM&DEV_0F17&SUBSYS_CUST8480&REV_00A0	Qualcomm Inc.	qcpep.wd8480.inf	HP-SOFTWARE
ACPI\VEN_QCOM&DEV_0F17&SUBSYS_CUST8480&REV_00A1	Qualcomm Inc.	qcpep.wd8480.inf	HP-SOFTWARE
ACPI\VEN_QCOM&DEV_0F17&SUBSYS_CUST8480&REV_00A2	Qualcomm Inc.	qcpep.wd8480.inf	HP-SOFTWARE
ACPI\VEN_QCOM&DEV_0F17&SUBSYS_CUST8480&REV_00A3	Qualcomm Inc.	qcpep.wd8480.inf	HP-SOFTWARE
ACPI\VEN_QCOM&DEV_0F17&SUBSYS_CUST8480&REV_00A4	Qualcomm Inc.	qcpep.wd8480.inf	HP-SOFTWARE
ACPI\VEN_QCOM&DEV_0F17&SUBSYS_CUST8480&REV_00A5	Qualcomm Inc.	qcpep.wd8480.inf	HP-SOFTWARE
ACPI\VEN_QCOM&DEV_0F17&SUBSYS_CUST8480&REV_00A7	Qualcomm Inc.	qcpep.wd8480.inf	HP-SOFTWARE
ACPI\VEN_QCOM&DEV_0F17&SUBSYS_CUST8480&REV_00A8	Qualcomm Inc.	qcpep.wd8480.inf	HP-SOFTWARE
ACPI\VEN_QCOM&DEV_0F17&SUBSYS_CUST8480&REV_00A9	Qualcomm Inc.	qcpep.wd8480.inf	HP-SOFTWARE
ACPI\VEN_QCOM&DEV_0F17&SUBSYS_CUST8480&REV_00AA	Qualcomm Inc.	qcpep.wd8480.inf	HP-SOFTWARE
ACPI\VEN_QCOM&DEV_0F17&SUBSYS_CUST8480&REV_00AB	Qualcomm Inc.	qcpep.wd8480.inf	HP-SOFTWARE
ACPI\VEN_QCOM&DEV_0F17&SUBSYS_CUST8480&REV_00B0	Qualcomm Inc.	qcpep.wd8480.inf	HP-SOFTWARE
ACPI\VEN_QCOM&DEV_0F17&SUBSYS_CUST8480&REV_00B1	Qualcomm Inc.	qcpep.wd8480.inf	HP-SOFTWARE
ACPI\VEN_QCOM&DEV_0F17&SUBSYS_CUST8480&REV_00B2	Qualcomm Inc.	qcpep.wd8480.inf	HP-SOFTWARE
ACPI\VEN_QCOM&DEV_0F17&SUBSYS_CUST8480&REV_00B3	Qualcomm Inc.	qcpep.wd8480.inf	HP-SOFTWARE
ACPI\VEN_QCOM&DEV_0F17&SUBSYS_CUST8480&REV_00B4	Qualcomm Inc.	qcpep.wd8480.inf	HP-SOFTWARE
ACPI\VEN_QCOM&DEV_0F17&SUBSYS_CUST8480&REV_00B5	Qualcomm Inc.	qcpep.wd8480.inf	HP-SOFTWARE
ACPI\VEN_QCOM&DEV_0F17&SUBSYS_CUST8480&REV_00B6	Qualcomm Inc.	qcpep.wd8480.inf	HP-SOFTWARE
ACPI\VEN_QCOM&DEV_0F17&SUBSYS_CUST8480&REV_00B7	Qualcomm Inc.	qcpep.wd8480.inf	HP-SOFTWARE
ACPI\VEN_QCOM&DEV_0F17&SUBSYS_CUST8480&REV_00B9	Qualcomm Inc.	qcpep.wd8480.inf	HP-SOFTWARE
ACPI\VEN_QCOM&DEV_0F17&SUBSYS_CUST8480&REV_00C0	Qualcomm Inc.	qcpep.wd8480.inf	HP-SOFTWARE
ACPI\VEN_QCOM&DEV_0F17&SUBSYS_CUST8480&REV_00C1	Qualcomm Inc.	qcpep.wd8480.inf	HP-SOFTWARE
ACPI\VEN_QCOM&DEV_0F17&SUBSYS_CUST8480&REV_00C2	Qualcomm Inc.	qcpep.wd8480.inf	HP-SOFTWARE
ACPI\VEN_QCOM&DEV_0F17&SUBSYS_CUST8480&REV_00C4	Qualcomm Inc.	qcpep.wd8480.inf	HP-SOFTWARE
ACPI\VEN_QCOM&DEV_0F17&SUBSYS_CUST8480&REV_00C5	Qualcomm Inc.	qcpep.wd8480.inf	HP-SOFTWARE
ACPI\VEN_QCOM&DEV_0F17&SUBSYS_CUST8480&REV_00C6	Qualcomm Inc.	qcpep.wd8480.inf	HP-SOFTWARE
ACPI\VEN_QCOM&DEV_0F1B&SUBSYS_8F03103C	Qualcomm Technologies, Incorporated	qcsubsys_ext_adsp8480.inf	HP-SOFTWARE
ACPI\VEN_QCOM&DEV_0F1B&SUBSYS_8F46103C&REV_0001	Qualcomm Technologies, Incorporated	qcsubsys_ext_adsp8480.inf	HP-SOFTWARE
ACPI\VEN_QCOM&DEV_0F1B&SUBSYS_8F46103C&REV_0002	Qualcomm Technologies, Incorporated	qcsubsys_ext_adsp8480.inf	HP-SOFTWARE
ACPI\VEN_QCOM&DEV_0F1B&SUBSYS_8F46103C&REV_0003	Qualcomm Technologies, Incorporated	qcsubsys_ext_adsp8480.inf	HP-SOFTWARE
ACPI\VEN_QCOM&DEV_0F1B&SUBSYS_8F46103C&REV_0004	Qualcomm Technologies, Incorporated	qcsubsys_ext_adsp8480.inf	HP-SOFTWARE
ACPI\VEN_QCOM&DEV_0F1B&SUBSYS_8F47103C&REV_0001	Qualcomm Technologies, Incorporated	qcsubsys_ext_adsp8480.inf	HP-SOFTWARE
ACPI\VEN_QCOM&DEV_0F1B&SUBSYS_8F47103C&REV_0002	Qualcomm Technologies, Incorporated	qcsubsys_ext_adsp8480.inf	HP-SOFTWARE
ACPI\VEN_QCOM&DEV_0F1B&SUBSYS_8F47103C&REV_0003	Qualcomm Technologies, Incorporated	qcsubsys_ext_adsp8480.inf	HP-SOFTWARE
ACPI\VEN_QCOM&DEV_0F1B&SUBSYS_8F47103C&REV_0004	Qualcomm Technologies, Incorporated	qcsubsys_ext_adsp8480.inf	HP-SOFTWARE
ACPI\VEN_QCOM&DEV_0F1B&SUBSYS_CDPS8480	Qualcomm Technologies, Incorporated	qcsubsys_ext_adsp8480.inf	HP-SOFTWARE
ACPI\VEN_QCOM&DEV_0F1B&SUBSYS_CRD08480	Qualcomm Technologies Inc	qcSensorsConfigCrd8480.inf	HP-SOFTWARE
ACPI\VEN_QCOM&DEV_0F1B&SUBSYS_CRD08480	Qualcomm Technologies, Incorporated	qcsubsys_ext_adsp8480.inf	HP-SOFTWARE
ACPI\VEN_QCOM&DEV_0F2C	Qualcomm Inc.	qcpmicapps8480.inf	HP-SOFTWARE
ACPI\VEN_QCOM&DEV_0F36	Qualcomm Incorporated	qcdpps8480.inf	HP-SOFTWARE
ACPI\VEN_QCOM&DEV_0F36	Qualcomm Incorporated	qcdx8480.inf	HP-SOFTWARE
ACPI\VEN_QCOM&DEV_0F36	Qualcomm Incorporated	qcdxext_qcdpps8480.inf	HP-SOFTWARE
ACPI\VEN_QCOM&DEV_0F36&REV_0001	Qualcomm Incorporated	qcdx8480.inf	HP-SOFTWARE
ACPI\VEN_QCOM&DEV_0F36&REV_0002	Qualcomm Incorporated	qcdx8480.inf	HP-SOFTWARE
ACPI\VEN_QCOM&DEV_0F36&REV_0005	Qualcomm Incorporated	qcdx8480.inf	HP-SOFTWARE
ACPI\VEN_QCOM&DEV_0F36&REV_0006	Qualcomm Incorporated	qcdx8480.inf	HP-SOFTWARE
ACPI\VEN_QCOM&DEV_0F36&REV_0027	Qualcomm Incorporated	qcdx8480.inf	HP-SOFTWARE
ACPI\VEN_QCOM&DEV_0F36&REV_0087	Qualcomm Incorporated	qcdx8480.inf	HP-SOFTWARE
ACPI\VEN_QCOM&DEV_0F36&REV_0088	Qualcomm Incorporated	qcdx8480.inf	HP-SOFTWARE
ACPI\VEN_QCOM&DEV_0F36&REV_0089	Qualcomm Incorporated	qcdx8480.inf	HP-SOFTWARE
ACPI\VEN_QCOM&DEV_0F36&REV_00A0	Qualcomm Incorporated	qcdx8480.inf	HP-SOFTWARE
ACPI\VEN_QCOM&DEV_0F36&REV_00A1	Qualcomm Incorporated	qcdx8480.inf	HP-SOFTWARE
ACPI\VEN_QCOM&DEV_0F36&REV_00A2	Qualcomm Incorporated	qcdx8480.inf	HP-SOFTWARE
ACPI\VEN_QCOM&DEV_0F36&REV_00A3	Qualcomm Incorporated	qcdx8480.inf	HP-SOFTWARE
ACPI\VEN_QCOM&DEV_0F36&REV_00A4	Qualcomm Incorporated	qcdx8480.inf	HP-SOFTWARE
ACPI\VEN_QCOM&DEV_0F36&REV_00A5	Qualcomm Incorporated	qcdx8480.inf	HP-SOFTWARE
ACPI\VEN_QCOM&DEV_0F36&REV_00A7	Qualcomm Incorporated	qcdx8480.inf	HP-SOFTWARE
ACPI\VEN_QCOM&DEV_0F36&REV_00A8	Qualcomm Incorporated	qcdx8480.inf	HP-SOFTWARE
ACPI\VEN_QCOM&DEV_0F36&REV_00AA	Qualcomm Incorporated	qcdx8480.inf	HP-SOFTWARE
ACPI\VEN_QCOM&DEV_0F36&REV_00AB	Qualcomm Incorporated	qcdx8480.inf	HP-SOFTWARE
ACPI\VEN_QCOM&DEV_0F36&REV_00C1	Qualcomm Incorporated	qcdx8480.inf	HP-SOFTWARE
ACPI\VEN_QCOM&DEV_0F36&REV_00C2	Qualcomm Incorporated	qcdx8480.inf	HP-SOFTWARE
ACPI\VEN_QCOM&DEV_0F36&REV_00C4	Qualcomm Incorporated	qcdx8480.inf	HP-SOFTWARE
ACPI\VEN_QCOM&DEV_0F36&REV_00C5	Qualcomm Incorporated	qcdx8480.inf	HP-SOFTWARE
ACPI\VEN_QCOM&DEV_0F36&SUBSYS_8F03103C	Qualcomm Incorporated	qcdxext_crd8480.inf	HP-SOFTWARE
ACPI\VEN_QCOM&DEV_0F36&SUBSYS_8F46103C	Qualcomm Incorporated	qcdxext_crd8480.inf	HP-SOFTWARE
ACPI\VEN_QCOM&DEV_0F36&SUBSYS_8F47103C	Qualcomm Incorporated	qcdxext_crd8480.inf	HP-SOFTWARE
ACPI\VEN_QCOM&DEV_0F36&SUBSYS_CRD08480	Qualcomm Incorporated	qcdxext_crd8480.inf	HP-SOFTWARE
ACPI\VEN_QCOM&DEV_0F56&REV_0001	Qualcomm Inc.	qcqdss8480.inf	HP-SOFTWARE
ACPI\VEN_QCOM&DEV_0F5A&SUBSYS_CUST8480&REV_0001	Qualcomm Inc.	qcpep.wd8480.inf	HP-SOFTWARE
ACPI\VEN_QCOM&DEV_0F6B&SUBSYS_CDPS8480	Qualcomm Atheros Communications Inc.	qcbluetooth8480.inf	HP-SOFTWARE
ACPI\VEN_QCOM&DEV_0F6B&SUBSYS_CLS08480	Qualcomm Atheros Communications Inc.	qcbluetooth_nvm_ext8480.inf	HP-SOFTWARE
ACPI\VEN_QCOM&DEV_0F6B&SUBSYS_CLS08480	Qualcomm Atheros Communications Inc.	qcbluetooth_swiftpair_ext8480.inf	HP-SOFTWARE
ACPI\VEN_QCOM&DEV_0F6B&SUBSYS_CRD08480	Qualcomm Atheros Communications Inc.	qcbluetooth8480.inf	HP-SOFTWARE
ACPI\VEN_QCOM&DEV_0F6B&SUBSYS_IDP08480	Qualcomm Atheros Communications Inc.	qcbluetooth8480.inf	HP-SOFTWARE
ACPI\VEN_QCOM&DEV_0F6B&SUBSYS_IDPS8480	Qualcomm Atheros Communications Inc.	qcbluetooth8480.inf	HP-SOFTWARE
ACPI\VEN_QCOM&DEV_0F6B&SUBSYS_MTP08480	Qualcomm Atheros Communications Inc.	qcbluetooth_nvm_ext8480.inf	HP-SOFTWARE
ACPI\VEN_QCOM&DEV_0F6B&SUBSYS_MTP08480	Qualcomm Atheros Communications Inc.	qcbluetooth_swiftpair_ext8480.inf	HP-SOFTWARE
ACPI\VEN_QCOM&DEV_0F6B&SUBSYS_QCB08480	Qualcomm Atheros Communications Inc.	qcbluetooth8480.inf	HP-SOFTWARE
ACPI\VEN_QCOM&DEV_0F6B&SUBSYS_QRD08480	Qualcomm Atheros Communications Inc.	qcbluetooth_nvm_ext8480.inf	HP-SOFTWARE
ACPI\VEN_QCOM&DEV_0F6B&SUBSYS_QRD08480	Qualcomm Atheros Communications Inc.	qcbluetooth_swiftpair_ext8480.inf	HP-SOFTWARE
ACPI\VEN_QCOM&DEV_0F77	Qualcomm Inc.	qcfgbcl8480.inf	HP-SOFTWARE
ACPI\VEN_QCOM&DEV_0F77&SUBSYS_CRD08480	Qualcomm Inc.	qcfgbclext8480.inf	HP-SOFTWARE
ACPI\VEN_QCOM&DEV_0F77&SUBSYS_IDP08480	Qualcomm Inc.	qcfgbclext8480.inf	HP-SOFTWARE
ACPI\VEN_QCOM&DEV_0F8D&SUBSYS_CDPS8480	Qualcomm Technologies, Incorporated	qcsubsys_ext_spss8480.inf	HP-SOFTWARE
ACPI\VEN_QCOM&DEV_0F8D&SUBSYS_CRD08480	Qualcomm Technologies, Incorporated	qcsubsys_ext_spss8480.inf	HP-SOFTWARE
ACPI\VEN_QCOM&DEV_0F8D&SUBSYS_QCB08480	Qualcomm Technologies, Incorporated	qcsubsys_ext_spss8480.inf	HP-SOFTWARE
ACPI\VEN_QCOM&DEV_0FA6&SUBSYS_CDPS8480	Qualcomm Technologies, Incorporated	qcsubsys_ext_cdsp8480.inf	HP-SOFTWARE
ACPI\VEN_QCOM&DEV_0FA6&SUBSYS_CRD08480	Qualcomm Technologies, Incorporated	qcsubsys_ext_cdsp8480.inf	HP-SOFTWARE
ACPI\VEN_QCOM&DEV_0FA6&SUBSYS_QCB08480	Qualcomm Technologies, Incorporated	qcsubsys_ext_cdsp8480.inf	HP-SOFTWARE
ACPI\VEN_QCOM&DEV_0FB8&SUBSYS_CDPS8480	Qualcomm Technologies, Incorporated	qcsubsys_ext_cdsp8480.inf	HP-SOFTWARE
ACPI\VEN_QCOM&DEV_0FB8&SUBSYS_CRD08480	Qualcomm Technologies, Incorporated	qcsubsys_ext_cdsp8480.inf	HP-SOFTWARE
ACPI\VEN_QCOM&DEV_0FB8&SUBSYS_QCB08480	Qualcomm Technologies, Incorporated	qcsubsys_ext_cdsp8480.inf	HP-SOFTWARE
ACPI\VEN_QCOM&DEV_0FC6&SUBSYS_CRD07280	Qualcomm Inc.	qcpmicext8480.inf	HP-SOFTWARE
ACPI\VEN_QCOM&DEV_0FC6&SUBSYS_IDP07280	Qualcomm Inc.	qcpmicext8480.inf	HP-SOFTWARE
ACPI\VEN_QCOM&DEV_0FC7&SUBSYS_CDP08480	Qualcomm Technologies, Incorporated	qcwlancol_ext8480.inf	HP-SOFTWARE
ACPI\VEN_QCOM&DEV_0FC7&SUBSYS_CDP08480	Qualcomm Technologies, Incorporated	qcwlanhmt_ext8480.inf	HP-SOFTWARE
ACPI\VEN_QCOM&DEV_0FC7&SUBSYS_CDPS8480	Qualcomm Technologies, Incorporated	qcwlancol_ext8480.inf	HP-SOFTWARE
ACPI\VEN_QCOM&DEV_0FC7&SUBSYS_CDPS8480	Qualcomm Technologies, Incorporated	qcwlanhmt_ext8480.inf	HP-SOFTWARE
ACPI\VEN_QCOM&DEV_0FC7&SUBSYS_CRD08480	Qualcomm Technologies, Incorporated	qcwlancol_ext8480.inf	HP-SOFTWARE
ACPI\VEN_QCOM&DEV_0FC7&SUBSYS_CRD08480	Qualcomm Technologies, Incorporated	qcwlanhmt_ext8480.inf	HP-SOFTWARE
ACPI\VEN_QCOM&DEV_0FC7&SUBSYS_IDP08480	Qualcomm Technologies, Incorporated	qcwlancol_ext8480.inf	HP-SOFTWARE
ACPI\VEN_QCOM&DEV_0FC7&SUBSYS_IDP08480	Qualcomm Technologies, Incorporated	qcwlanhmt_ext8480.inf	HP-SOFTWARE
ACPI\VEN_QCOM&DEV_0FC7&SUBSYS_IDPS8480	Qualcomm Technologies, Incorporated	qcwlancol_ext8480.inf	HP-SOFTWARE
ACPI\VEN_QCOM&DEV_0FC7&SUBSYS_IDPS8480	Qualcomm Technologies, Incorporated	qcwlanhmt_ext8480.inf	HP-SOFTWARE
ACPI\VEN_QCOM&DEV_0FC7&SUBSYS_MTP08480	Qualcomm Technologies, Incorporated	qcwlancol_ext8480.inf	HP-SOFTWARE
ACPI\VEN_QCOM&DEV_0FC7&SUBSYS_MTP08480	Qualcomm Technologies, Incorporated	qcwlanhmt_ext8480.inf	HP-SOFTWARE
ACPI\VEN_QCOM&DEV_0FC7&SUBSYS_QCB08480	Qualcomm Technologies, Incorporated	qcwlancol_ext8480.inf	HP-SOFTWARE
ACPI\VEN_QCOM&DEV_0FC7&SUBSYS_QCB08480	Qualcomm Technologies, Incorporated	qcwlanhmt_ext8480.inf	HP-SOFTWARE
ACPI\VEN_QCOM&DEV_0FC7&SUBSYS_QRD08480	Qualcomm Technologies, Incorporated	qcwlancol_ext8480.inf	HP-SOFTWARE
ACPI\VEN_QCOM&DEV_0FC7&SUBSYS_QRD08480	Qualcomm Technologies, Incorporated	qcwlanhmt_ext8480.inf	HP-SOFTWARE
ACPI\VEN_QCOM&DEV_0FD7&SUBSYS_CDP08480	Qualcomm	qceva_ext8480.inf	HP-SOFTWARE
ACPI\VEN_QCOM&DEV_0FD7&SUBSYS_CDPS8480	Qualcomm	qceva_ext8480.inf	HP-SOFTWARE
ACPI\VEN_QCOM&DEV_0FD7&SUBSYS_CRD08480	Qualcomm	qceva_ext8480.inf	HP-SOFTWARE
ACPI\VEN_QCOM&DEV_0FD7&SUBSYS_IDP08480	Qualcomm	qceva_ext8480.inf	HP-SOFTWARE
ACPI\VEN_QCOM&DEV_0FD7&SUBSYS_IDPS8480	Qualcomm	qceva_ext8480.inf	HP-SOFTWARE
ACPI\VEN_QCOM&DEV_0FD7&SUBSYS_MTP08480	Qualcomm	qceva_ext8480.inf	HP-SOFTWARE
ACPI\VEN_QCOM&DEV_0FD7&SUBSYS_QCB08480	Qualcomm	qceva_ext8480.inf	HP-SOFTWARE
ACPI\VEN_QCOM&DEV_0FD7&SUBSYS_QRD08480	Qualcomm	qceva_ext8480.inf	HP-SOFTWARE
ACPI\VEN_QCOM&DEV_0FD8&SUBSYS_CUST8480&REV_0001	Qualcomm Inc.	qcpep.wd8480.inf	HP-SOFTWARE
ACPI\VEN_QCOM&DEV_0FD8&SUBSYS_CUST8480&REV_0002	Qualcomm Inc.	qcpep.wd8480.inf	HP-SOFTWARE
ACPI\VEN_QCOM&DEV_0FD8&SUBSYS_CUST8480&REV_0003	Qualcomm Inc.	qcpep.wd8480.inf	HP-SOFTWARE
ACPI\VEN_QCOM&DEV_0FD8&SUBSYS_CUST8480&REV_0006	Qualcomm Inc.	qcpep.wd8480.inf	HP-SOFTWARE
ACPI\VEN_QCOM&DEV_0FD8&SUBSYS_CUST8480&REV_0007	Qualcomm Inc.	qcpep.wd8480.inf	HP-SOFTWARE
ACPI\VEN_QCOM&DEV_0FD8&SUBSYS_CUST8480&REV_0081	Qualcomm Inc.	qcpep.wd8480.inf	HP-SOFTWARE
ACPI\VEN_QCOM&DEV_0FD8&SUBSYS_CUST8480&REV_0082	Qualcomm Inc.	qcpep.wd8480.inf	HP-SOFTWARE
ACPI\VEN_QCOM&DEV_0FD8&SUBSYS_CUST8480&REV_0083	Qualcomm Inc.	qcpep.wd8480.inf	HP-SOFTWARE
ACPI\VEN_QCOM&DEV_0FD8&SUBSYS_CUST8480&REV_0084	Qualcomm Inc.	qcpep.wd8480.inf	HP-SOFTWARE
ACPI\VEN_QCOM&DEV_0FD8&SUBSYS_CUST8480&REV_0091	Qualcomm Inc.	qcpep.wd8480.inf	HP-SOFTWARE
ACPI\VEN_QCOM&DEV_0FD8&SUBSYS_CUST8480&REV_0092	Qualcomm Inc.	qcpep.wd8480.inf	HP-SOFTWARE
ACPI\VEN_QCOM&DEV_0FD8&SUBSYS_CUST8480&REV_00A1	Qualcomm Inc.	qcpep.wd8480.inf	HP-SOFTWARE
ACPI\VEN_QCOM&DEV_0FD8&SUBSYS_CUST8480&REV_00A2	Qualcomm Inc.	qcpep.wd8480.inf	HP-SOFTWARE
ACPI\VEN_QCOM&DEV_0FD9&SUBSYS_CUST8480&REV_0001	Qualcomm Inc.	qcpep.wd8480.inf	HP-SOFTWARE
ACPI\VEN_QCOM&DEV_0FD9&SUBSYS_CUST8480&REV_0002	Qualcomm Inc.	qcpep.wd8480.inf	HP-SOFTWARE
ACPI\VEN_QCOM&DEV_0FD9&SUBSYS_CUST8480&REV_0003	Qualcomm Inc.	qcpep.wd8480.inf	HP-SOFTWARE
ACPI\VEN_QCOM&DEV_0FD9&SUBSYS_CUST8480&REV_0006	Qualcomm Inc.	qcpep.wd8480.inf	HP-SOFTWARE
ACPI\VEN_QCOM&DEV_0FD9&SUBSYS_CUST8480&REV_0007	Qualcomm Inc.	qcpep.wd8480.inf	HP-SOFTWARE
ACPI\VEN_QCOM&DEV_0FD9&SUBSYS_CUST8480&REV_0081	Qualcomm Inc.	qcpep.wd8480.inf	HP-SOFTWARE
ACPI\VEN_QCOM&DEV_0FD9&SUBSYS_CUST8480&REV_0082	Qualcomm Inc.	qcpep.wd8480.inf	HP-SOFTWARE
ACPI\VEN_QCOM&DEV_0FD9&SUBSYS_CUST8480&REV_0083	Qualcomm Inc.	qcpep.wd8480.inf	HP-SOFTWARE
ACPI\VEN_QCOM&DEV_0FD9&SUBSYS_CUST8480&REV_0084	Qualcomm Inc.	qcpep.wd8480.inf	HP-SOFTWARE
ACPI\VEN_QCOM&DEV_0FD9&SUBSYS_CUST8480&REV_0091	Qualcomm Inc.	qcpep.wd8480.inf	HP-SOFTWARE
ACPI\VEN_QCOM&DEV_0FD9&SUBSYS_CUST8480&REV_0092	Qualcomm Inc.	qcpep.wd8480.inf	HP-SOFTWARE
ACPI\VEN_QCOM&DEV_0FD9&SUBSYS_CUST8480&REV_00A1	Qualcomm Inc.	qcpep.wd8480.inf	HP-SOFTWARE
ACPI\VEN_QCOM&DEV_0FD9&SUBSYS_CUST8480&REV_00A2	Qualcomm Inc.	qcpep.wd8480.inf	HP-SOFTWARE
ACPI\VEN_QCOM&DEV_0FDA&SUBSYS_CUST8480&REV_0001	Qualcomm Inc.	qcpep.wd8480.inf	HP-SOFTWARE
ACPI\VEN_QCOM&DEV_0FDA&SUBSYS_CUST8480&REV_0002	Qualcomm Inc.	qcpep.wd8480.inf	HP-SOFTWARE
ACPI\VEN_QCOM&DEV_0FDA&SUBSYS_CUST8480&REV_0003	Qualcomm Inc.	qcpep.wd8480.inf	HP-SOFTWARE
ACPI\VEN_QCOM&DEV_0FDA&SUBSYS_CUST8480&REV_0006	Qualcomm Inc.	qcpep.wd8480.inf	HP-SOFTWARE
ACPI\VEN_QCOM&DEV_0FDA&SUBSYS_CUST8480&REV_0007	Qualcomm Inc.	qcpep.wd8480.inf	HP-SOFTWARE
ACPI\VEN_QCOM&DEV_0FDA&SUBSYS_CUST8480&REV_0081	Qualcomm Inc.	qcpep.wd8480.inf	HP-SOFTWARE
ACPI\VEN_QCOM&DEV_0FDA&SUBSYS_CUST8480&REV_0082	Qualcomm Inc.	qcpep.wd8480.inf	HP-SOFTWARE
ACPI\VEN_QCOM&DEV_0FDA&SUBSYS_CUST8480&REV_0083	Qualcomm Inc.	qcpep.wd8480.inf	HP-SOFTWARE
ACPI\VEN_QCOM&DEV_0FDA&SUBSYS_CUST8480&REV_0084	Qualcomm Inc.	qcpep.wd8480.inf	HP-SOFTWARE
ACPI\VEN_QCOM&DEV_0FDA&SUBSYS_CUST8480&REV_0091	Qualcomm Inc.	qcpep.wd8480.inf	HP-SOFTWARE
ACPI\VEN_QCOM&DEV_0FDA&SUBSYS_CUST8480&REV_0092	Qualcomm Inc.	qcpep.wd8480.inf	HP-SOFTWARE
ACPI\VEN_QCOM&DEV_0FDA&SUBSYS_CUST8480&REV_00A1	Qualcomm Inc.	qcpep.wd8480.inf	HP-SOFTWARE
ACPI\VEN_QCOM&DEV_0FDA&SUBSYS_CUST8480&REV_00A2	Qualcomm Inc.	qcpep.wd8480.inf	HP-SOFTWARE
ACPI\VEN_QCOM&DEV_0FDB&SUBSYS_CUST8480&REV_0001	Qualcomm Inc.	qcpep.wd8480.inf	HP-SOFTWARE
ACPI\VEN_QCOM&DEV_0FDB&SUBSYS_CUST8480&REV_0002	Qualcomm Inc.	qcpep.wd8480.inf	HP-SOFTWARE
ACPI\VEN_QCOM&DEV_0FDB&SUBSYS_CUST8480&REV_0003	Qualcomm Inc.	qcpep.wd8480.inf	HP-SOFTWARE
ACPI\VEN_QCOM&DEV_0FDB&SUBSYS_CUST8480&REV_0006	Qualcomm Inc.	qcpep.wd8480.inf	HP-SOFTWARE
ACPI\VEN_QCOM&DEV_0FDB&SUBSYS_CUST8480&REV_0007	Qualcomm Inc.	qcpep.wd8480.inf	HP-SOFTWARE
ACPI\VEN_QCOM&DEV_0FDB&SUBSYS_CUST8480&REV_0081	Qualcomm Inc.	qcpep.wd8480.inf	HP-SOFTWARE
ACPI\VEN_QCOM&DEV_0FDB&SUBSYS_CUST8480&REV_0082	Qualcomm Inc.	qcpep.wd8480.inf	HP-SOFTWARE
ACPI\VEN_QCOM&DEV_0FDB&SUBSYS_CUST8480&REV_0083	Qualcomm Inc.	qcpep.wd8480.inf	HP-SOFTWARE
ACPI\VEN_QCOM&DEV_0FDB&SUBSYS_CUST8480&REV_0084	Qualcomm Inc.	qcpep.wd8480.inf	HP-SOFTWARE
ACPI\VEN_QCOM&DEV_0FDB&SUBSYS_CUST8480&REV_0091	Qualcomm Inc.	qcpep.wd8480.inf	HP-SOFTWARE
ACPI\VEN_QCOM&DEV_0FDB&SUBSYS_CUST8480&REV_0092	Qualcomm Inc.	qcpep.wd8480.inf	HP-SOFTWARE
ACPI\VEN_QCOM&DEV_0FDB&SUBSYS_CUST8480&REV_00A1	Qualcomm Inc.	qcpep.wd8480.inf	HP-SOFTWARE
ACPI\VEN_QCOM&DEV_0FDB&SUBSYS_CUST8480&REV_00A2	Qualcomm Inc.	qcpep.wd8480.inf	HP-SOFTWARE
ACPI\VEN_QCOM&DEV_0FDC&SUBSYS_CUST8480&REV_0001	Qualcomm Inc.	qcpep.wd8480.inf	HP-SOFTWARE
ACPI\VEN_QCOM&DEV_0FDC&SUBSYS_CUST8480&REV_0002	Qualcomm Inc.	qcpep.wd8480.inf	HP-SOFTWARE
ACPI\VEN_QCOM&DEV_0FDC&SUBSYS_CUST8480&REV_0003	Qualcomm Inc.	qcpep.wd8480.inf	HP-SOFTWARE
ACPI\VEN_QCOM&DEV_0FDC&SUBSYS_CUST8480&REV_0006	Qualcomm Inc.	qcpep.wd8480.inf	HP-SOFTWARE
ACPI\VEN_QCOM&DEV_0FDC&SUBSYS_CUST8480&REV_0007	Qualcomm Inc.	qcpep.wd8480.inf	HP-SOFTWARE
ACPI\VEN_QCOM&DEV_0FDC&SUBSYS_CUST8480&REV_0081	Qualcomm Inc.	qcpep.wd8480.inf	HP-SOFTWARE
ACPI\VEN_QCOM&DEV_0FDC&SUBSYS_CUST8480&REV_0082	Qualcomm Inc.	qcpep.wd8480.inf	HP-SOFTWARE
ACPI\VEN_QCOM&DEV_0FDC&SUBSYS_CUST8480&REV_0083	Qualcomm Inc.	qcpep.wd8480.inf	HP-SOFTWARE
ACPI\VEN_QCOM&DEV_0FDC&SUBSYS_CUST8480&REV_0084	Qualcomm Inc.	qcpep.wd8480.inf	HP-SOFTWARE
ACPI\VEN_QCOM&DEV_0FDC&SUBSYS_CUST8480&REV_0091	Qualcomm Inc.	qcpep.wd8480.inf	HP-SOFTWARE
ACPI\VEN_QCOM&DEV_0FDC&SUBSYS_CUST8480&REV_0092	Qualcomm Inc.	qcpep.wd8480.inf	HP-SOFTWARE
ACPI\VEN_QCOM&DEV_0FDC&SUBSYS_CUST8480&REV_00A1	Qualcomm Inc.	qcpep.wd8480.inf	HP-SOFTWARE
ACPI\VEN_QCOM&DEV_0FDC&SUBSYS_CUST8480&REV_00A2	Qualcomm Inc.	qcpep.wd8480.inf	HP-SOFTWARE
ACPI\VEN_QCOM&DEV_0FF0	Qualcomm Technologies, Inc.	qcnspmcdm8480.inf	HP-SOFTWARE
ACPI\VEN_QCOM&DEV_0FF0&REV_0030	Qualcomm Technologies, Inc.	qcnspmcdm8480.inf	HP-SOFTWARE
ACPI\VEN_QCOM&DEV_0FF0&REV_0033	Qualcomm Technologies, Inc.	qcnspmcdm8480.inf	HP-SOFTWARE
ACPI\VEN_QCOM&DEV_0FF0&REV_0048	Qualcomm Technologies, Inc.	qcnspmcdm8480.inf	HP-SOFTWARE
ACPI\VEN_QCOM&DEV_0FF0&REV_0049	Qualcomm Technologies, Inc.	qcnspmcdm8480.inf	HP-SOFTWARE
ACPI\VEN_QCOM&DEV_0FF0&REV_004A	Qualcomm Technologies, Inc.	qcnspmcdm8480.inf	HP-SOFTWARE
ACPI\VEN_QCOM&DEV_0FF0&REV_004B	Qualcomm Technologies, Inc.	qcnspmcdm8480.inf	HP-SOFTWARE
ACPI\VEN_QCOM&DEV_0FF0&REV_004C	Qualcomm Technologies, Inc.	qcnspmcdm8480.inf	HP-SOFTWARE
ACPI\VEN_QCOM&DEV_0FF0&REV_004D	Qualcomm Technologies, Inc.	qcnspmcdm8480.inf	HP-SOFTWARE
ACPI\VEN_QCOM&DEV_0FF0&REV_004E	Qualcomm Technologies, Inc.	qcnspmcdm8480.inf	HP-SOFTWARE
ACPI\VEN_QCOM&DEV_0FF0&REV_004F	Qualcomm Technologies, Inc.	qcnspmcdm8480.inf	HP-SOFTWARE
ACPI\VEN_QCOM&DEV_0FF0&REV_0050	Qualcomm Technologies, Inc.	qcnspmcdm8480.inf	HP-SOFTWARE
ACPI\VEN_QCOM&DEV_0FF0&REV_0051	Qualcomm Technologies, Inc.	qcnspmcdm8480.inf	HP-SOFTWARE
ACPI\VEN_QCOM&DEV_0FF0&REV_0052	Qualcomm Technologies, Inc.	qcnspmcdm8480.inf	HP-SOFTWARE
ACPI\VEN_QCOM&DEV_0FF0&REV_0053	Qualcomm Technologies, Inc.	qcnspmcdm8480.inf	HP-SOFTWARE
ACPI\VEN_QCOM&DEV_0FF0&REV_0054	Qualcomm Technologies, Inc.	qcnspmcdm8480.inf	HP-SOFTWARE
ACPI\VEN_QCOM&DEV_0FF0&REV_0056	Qualcomm Technologies, Inc.	qcnspmcdm8480.inf	HP-SOFTWARE
ACPI\VEN_QCOM&DEV_0FF0&REV_0057	Qualcomm Technologies, Inc.	qcnspmcdm8480.inf	HP-SOFTWARE
ACPI\VEN_QCOM&DEV_0FF0&REV_0058	Qualcomm Technologies, Inc.	qcnspmcdm8480.inf	HP-SOFTWARE
ACPI\VEN_QCOM&DEV_0FF0&REV_0059	Qualcomm Technologies, Inc.	qcnspmcdm8480.inf	HP-SOFTWARE
ACPI\VEN_QCOM&DEV_0FF0&REV_005A	Qualcomm Technologies, Inc.	qcnspmcdm8480.inf	HP-SOFTWARE
ACPI\VEN_QCOM&DEV_0FF0&REV_005C	Qualcomm Technologies, Inc.	qcnspmcdm8480.inf	HP-SOFTWARE
ACPI\VEN_QCOM&DEV_0FF0&REV_0061	Qualcomm Technologies, Inc.	qcnspmcdm8480.inf	HP-SOFTWARE
ACPI\VEN_QCOM&DEV_0FF0&REV_0080	Qualcomm Technologies, Inc.	qcnspmcdm8480.inf	HP-SOFTWARE
ACPI\VEN_QCOM&DEV_0FF0&REV_0081	Qualcomm Technologies, Inc.	qcnspmcdm8480.inf	HP-SOFTWARE
ACPI\VEN_QCOM&DEV_0FF0&REV_0082	Qualcomm Technologies, Inc.	qcnspmcdm8480.inf	HP-SOFTWARE
ACPI\VEN_QCOM&DEV_0FF0&REV_0083	Qualcomm Technologies, Inc.	qcnspmcdm8480.inf	HP-SOFTWARE
ACPI\VEN_QCOM&DEV_0FF0&REV_0084	Qualcomm Technologies, Inc.	qcnspmcdm8480.inf	HP-SOFTWARE
ACPI\VEN_QCOM&DEV_0FF0&REV_0085	Qualcomm Technologies, Inc.	qcnspmcdm8480.inf	HP-SOFTWARE
ACPI\VEN_QCOM&DEV_0FF0&REV_0086	Qualcomm Technologies, Inc.	qcnspmcdm8480.inf	HP-SOFTWARE
ACPI\VEN_QCOM&DEV_0FF0&REV_0087	Qualcomm Technologies, Inc.	qcnspmcdm8480.inf	HP-SOFTWARE
ACPI\VEN_QCOM&DEV_0FF0&REV_0088	Qualcomm Technologies, Inc.	qcnspmcdm8480.inf	HP-SOFTWARE
ACPI\VEN_QCOM&DEV_0FF0&REV_0089	Qualcomm Technologies, Inc.	qcnspmcdm8480.inf	HP-SOFTWARE
ACPI\VEN_QCOM&DEV_0FF0&REV_008A	Qualcomm Technologies, Inc.	qcnspmcdm8480.inf	HP-SOFTWARE
ACPI\VEN_QCOM&DEV_0FF0&REV_008E	Qualcomm Technologies, Inc.	qcnspmcdm8480.inf	HP-SOFTWARE
ACPI\VEN_QCOM&DEV_0FF0&REV_0090	Qualcomm Technologies, Inc.	qcnspmcdm8480.inf	HP-SOFTWARE
ACPI\VEN_QCOM&DEV_0FF0&REV_0091	Qualcomm Technologies, Inc.	qcnspmcdm8480.inf	HP-SOFTWARE
ACPI\VEN_QCOM&DEV_0FF0&REV_0092	Qualcomm Technologies, Inc.	qcnspmcdm8480.inf	HP-SOFTWARE
ACPI\VEN_QCOM&DEV_0FF0&REV_0093	Qualcomm Technologies, Inc.	qcnspmcdm8480.inf	HP-SOFTWARE
ACPI\VEN_QCOM&DEV_0FF0&REV_0094	Qualcomm Technologies, Inc.	qcnspmcdm8480.inf	HP-SOFTWARE
ACPI\VEN_QCOM&DEV_0FF0&REV_0095	Qualcomm Technologies, Inc.	qcnspmcdm8480.inf	HP-SOFTWARE
ACPI\VEN_QCOM&DEV_0FF0&REV_0096	Qualcomm Technologies, Inc.	qcnspmcdm8480.inf	HP-SOFTWARE
ACPI\VEN_QCOM&DEV_0FF0&REV_0098	Qualcomm Technologies, Inc.	qcnspmcdm8480.inf	HP-SOFTWARE
ACPI\VEN_QCOM&DEV_0FF0&REV_009C	Qualcomm Technologies, Inc.	qcnspmcdm8480.inf	HP-SOFTWARE
ACPI\VEN_QCOM&DEV_0FF0&REV_009D	Qualcomm Technologies, Inc.	qcnspmcdm8480.inf	HP-SOFTWARE
ACPI\VEN_QCOM&DEV_0FF0&REV_00B0	Qualcomm Technologies, Inc.	qcnspmcdm8480.inf	HP-SOFTWARE
ACPI\VEN_QCOM&DEV_0FF0&REV_00B1	Qualcomm Technologies, Inc.	qcnspmcdm8480.inf	HP-SOFTWARE
ACPI\VEN_QCOM&DEV_0FF0&REV_00B2	Qualcomm Technologies, Inc.	qcnspmcdm8480.inf	HP-SOFTWARE
ACPI\VEN_QCOM&DEV_0FF0&REV_00B3	Qualcomm Technologies, Inc.	qcnspmcdm8480.inf	HP-SOFTWARE
ACPI\VEN_QCOM&DEV_0FF0&REV_00B4	Qualcomm Technologies, Inc.	qcnspmcdm8480.inf	HP-SOFTWARE
ACPI\VEN_QCOM&DEV_0FF0&REV_00B5	Qualcomm Technologies, Inc.	qcnspmcdm8480.inf	HP-SOFTWARE
ACPI\VEN_QCOM&DEV_0FF0&REV_00B6	Qualcomm Technologies, Inc.	qcnspmcdm8480.inf	HP-SOFTWARE
ACPI\VEN_QCOM&DEV_0FF0&REV_00B7	Qualcomm Technologies, Inc.	qcnspmcdm8480.inf	HP-SOFTWARE
ACPI\VEN_QCOM&DEV_0FF0&REV_00B9	Qualcomm Technologies, Inc.	qcnspmcdm8480.inf	HP-SOFTWARE
ACPI\VEN_QCOM&DEV_0FF0&REV_00C0	Qualcomm Technologies, Inc.	qcnspmcdm8480.inf	HP-SOFTWARE
ACPI\VEN_QCOM&DEV_0FF0&REV_00C1	Qualcomm Technologies, Inc.	qcnspmcdm8480.inf	HP-SOFTWARE
ACPI\VEN_QCOM&DEV_0FF0&REV_00C2	Qualcomm Technologies, Inc.	qcnspmcdm8480.inf	HP-SOFTWARE
ACPI\VEN_QCOM&DEV_0FF0&REV_00C4	Qualcomm Technologies, Inc.	qcnspmcdm8480.inf	HP-SOFTWARE
ACPI\VEN_QCOM&DEV_0FF0&REV_00C5	Qualcomm Technologies, Inc.	qcnspmcdm8480.inf	HP-SOFTWARE
ACPI\VEN_QCOM&DEV_0FF0&REV_00C6	Qualcomm Technologies, Inc.	qcnspmcdm8480.inf	HP-SOFTWARE
ACPI\VEN_QCOM&DEV_0FF5	Qualcomm Incorporated	qcdpps8480.inf	HP-SOFTWARE
ACPI\VEN_QCOM&DEV_0FF5	Qualcomm Incorporated	qcdx8480.inf	HP-SOFTWARE
ACPI\VEN_QCOM&DEV_0FF5	Qualcomm Incorporated	qcdxext_qcdpps8480.inf	HP-SOFTWARE
ACPI\VEN_QCOM&DEV_0FF5&REV_0033	Qualcomm Incorporated	qcdx8480.inf	HP-SOFTWARE
ACPI\VEN_QCOM&DEV_0FF5&REV_004A	Qualcomm Incorporated	qcdx8480.inf	HP-SOFTWARE
ACPI\VEN_QCOM&DEV_0FF5&REV_004B	Qualcomm Incorporated	qcdx8480.inf	HP-SOFTWARE
ACPI\VEN_QCOM&DEV_0FF5&REV_004C	Qualcomm Incorporated	qcdx8480.inf	HP-SOFTWARE
ACPI\VEN_QCOM&DEV_0FF5&REV_004D	Qualcomm Incorporated	qcdx8480.inf	HP-SOFTWARE
ACPI\VEN_QCOM&DEV_0FF5&REV_004F	Qualcomm Incorporated	qcdx8480.inf	HP-SOFTWARE
ACPI\VEN_QCOM&DEV_0FF5&REV_0051	Qualcomm Incorporated	qcdx8480.inf	HP-SOFTWARE
ACPI\VEN_QCOM&DEV_0FF5&REV_0095	Qualcomm Incorporated	qcdx8480.inf	HP-SOFTWARE
ACPI\VEN_QCOM&DEV_0FF5&REV_0096	Qualcomm Incorporated	qcdx8480.inf	HP-SOFTWARE
ACPI\VEN_QCOM&DEV_0FF5&REV_0098	Qualcomm Incorporated	qcdx8480.inf	HP-SOFTWARE
ACPI\VEN_QCOM&DEV_0FF5&REV_009C	Qualcomm Incorporated	qcdx8480.inf	HP-SOFTWARE
ACPI\VEN_QCOM&DEV_0FF5&REV_009D	Qualcomm Incorporated	qcdx8480.inf	HP-SOFTWARE
ACPI\VEN_QCOM&DEV_0FF5&SUBSYS_8F03103C	Qualcomm Incorporated	qcdxext_crd8480.inf	HP-SOFTWARE
ACPI\VEN_QCOM&DEV_0FF5&SUBSYS_8F46103C	Qualcomm Incorporated	qcdxext_crd8480.inf	HP-SOFTWARE
ACPI\VEN_QCOM&DEV_0FF5&SUBSYS_8F47103C	Qualcomm Incorporated	qcdxext_crd8480.inf	HP-SOFTWARE
ACPI\VEN_QCOM&DEV_0FF5&SUBSYS_CRD08480	Qualcomm Incorporated	qcdxext_crd8480.inf	HP-SOFTWARE
ACPI\VEN_QCOM&DEV_0FFA&SUBSYS_8F03103C	Qualcomm Technologies, Incorporated	qcsubsys_ext_adsp8480.inf	HP-SOFTWARE
ACPI\VEN_QCOM&DEV_0FFA&SUBSYS_8F46103C&REV_0001	Qualcomm Technologies, Incorporated	qcsubsys_ext_adsp8480.inf	HP-SOFTWARE
ACPI\VEN_QCOM&DEV_0FFA&SUBSYS_8F46103C&REV_0002	Qualcomm Technologies, Incorporated	qcsubsys_ext_adsp8480.inf	HP-SOFTWARE
ACPI\VEN_QCOM&DEV_0FFA&SUBSYS_8F46103C&REV_0003	Qualcomm Technologies, Incorporated	qcsubsys_ext_adsp8480.inf	HP-SOFTWARE
ACPI\VEN_QCOM&DEV_0FFA&SUBSYS_8F46103C&REV_0004	Qualcomm Technologies, Incorporated	qcsubsys_ext_adsp8480.inf	HP-SOFTWARE
ACPI\VEN_QCOM&DEV_0FFA&SUBSYS_8F47103C&REV_0001	Qualcomm Technologies, Incorporated	qcsubsys_ext_adsp8480.inf	HP-SOFTWARE
ACPI\VEN_QCOM&DEV_0FFA&SUBSYS_8F47103C&REV_0002	Qualcomm Technologies, Incorporated	qcsubsys_ext_adsp8480.inf	HP-SOFTWARE
ACPI\VEN_QCOM&DEV_0FFA&SUBSYS_8F47103C&REV_0003	Qualcomm Technologies, Incorporated	qcsubsys_ext_adsp8480.inf	HP-SOFTWARE
ACPI\VEN_QCOM&DEV_0FFA&SUBSYS_8F47103C&REV_0004	Qualcomm Technologies, Incorporated	qcsubsys_ext_adsp8480.inf	HP-SOFTWARE
ACPI\VEN_QCOM&DEV_0FFA&SUBSYS_CDPS8480	Qualcomm Technologies, Incorporated	qcsubsys_ext_adsp8480.inf	HP-SOFTWARE
ACPI\VEN_QCOM&DEV_0FFA&SUBSYS_CDPS8480	Qualcomm Technologies, Incorporated	qcsubsys_ext_oob8480.inf	HP-SOFTWARE
ACPI\VEN_QCOM&DEV_0FFA&SUBSYS_CDPS8480	Qualcomm Technologies, Incorporated	qcsubsys_ext_soccp8480.inf	HP-SOFTWARE
ACPI\VEN_QCOM&DEV_0FFA&SUBSYS_CRD08480	Qualcomm Technologies, Incorporated	qcsubsys_ext_adsp8480.inf	HP-SOFTWARE
ACPI\VEN_QCOM&DEV_0FFA&SUBSYS_CRD08480	Qualcomm Technologies, Incorporated	qcsubsys_ext_oob8480.inf	HP-SOFTWARE
ACPI\VEN_QCOM&DEV_0FFA&SUBSYS_CRD08480	Qualcomm Technologies, Incorporated	qcsubsys_ext_soccp8480.inf	HP-SOFTWARE
ACPI\VEN_QCOM&DEV_0FFA&SUBSYS_QCB08480	Qualcomm Technologies, Incorporated	qcsubsys_ext_oob8480.inf	HP-SOFTWARE
ACPI\VEN_QCOM&DEV_0FFA&SUBSYS_QCB08480	Qualcomm Technologies, Incorporated	qcsubsys_ext_soccp8480.inf	HP-SOFTWARE
ACPI\VEN_QCOM&DEV_0FFB&SUBSYS_8F03103C	Qualcomm Technologies, Incorporated	qcsubsys_ext_adsp8480.inf	HP-SOFTWARE
ACPI\VEN_QCOM&DEV_0FFB&SUBSYS_8F46103C&REV_0001	Qualcomm Technologies, Incorporated	qcsubsys_ext_adsp8480.inf	HP-SOFTWARE
ACPI\VEN_QCOM&DEV_0FFB&SUBSYS_8F46103C&REV_0002	Qualcomm Technologies, Incorporated	qcsubsys_ext_adsp8480.inf	HP-SOFTWARE
ACPI\VEN_QCOM&DEV_0FFB&SUBSYS_8F46103C&REV_0003	Qualcomm Technologies, Incorporated	qcsubsys_ext_adsp8480.inf	HP-SOFTWARE
ACPI\VEN_QCOM&DEV_0FFB&SUBSYS_8F46103C&REV_0004	Qualcomm Technologies, Incorporated	qcsubsys_ext_adsp8480.inf	HP-SOFTWARE
ACPI\VEN_QCOM&DEV_0FFB&SUBSYS_8F47103C&REV_0001	Qualcomm Technologies, Incorporated	qcsubsys_ext_adsp8480.inf	HP-SOFTWARE
ACPI\VEN_QCOM&DEV_0FFB&SUBSYS_8F47103C&REV_0002	Qualcomm Technologies, Incorporated	qcsubsys_ext_adsp8480.inf	HP-SOFTWARE
ACPI\VEN_QCOM&DEV_0FFB&SUBSYS_8F47103C&REV_0003	Qualcomm Technologies, Incorporated	qcsubsys_ext_adsp8480.inf	HP-SOFTWARE
ACPI\VEN_QCOM&DEV_0FFB&SUBSYS_8F47103C&REV_0004	Qualcomm Technologies, Incorporated	qcsubsys_ext_adsp8480.inf	HP-SOFTWARE
ACPI\VEN_QCOM&DEV_0FFB&SUBSYS_CDPS8480	Qualcomm Incorporated	qcpilEXT8480.inf	HP-SOFTWARE
ACPI\VEN_QCOM&DEV_0FFB&SUBSYS_CDPS8480	Qualcomm Technologies, Incorporated	qcsubsys_ext_adsp8480.inf	HP-SOFTWARE
ACPI\VEN_QCOM&DEV_0FFB&SUBSYS_CDPS8480	Qualcomm Technologies, Incorporated	qcsubsys_ext_oob8480.inf	HP-SOFTWARE
ACPI\VEN_QCOM&DEV_0FFB&SUBSYS_CDPS8480	Qualcomm Technologies, Incorporated	qcsubsys_ext_soccp8480.inf	HP-SOFTWARE
ACPI\VEN_QCOM&DEV_0FFB&SUBSYS_CDPS8480	Qualcomm Technologies, Incorporated	qcsubsys_ext_spss8480.inf	HP-SOFTWARE
ACPI\VEN_QCOM&DEV_0FFB&SUBSYS_CRD08480	Qualcomm Incorporated	qcpilEXT8480.inf	HP-SOFTWARE
ACPI\VEN_QCOM&DEV_0FFB&SUBSYS_CRD08480	Qualcomm Technologies, Incorporated	qcsubsys_ext_adsp8480.inf	HP-SOFTWARE
ACPI\VEN_QCOM&DEV_0FFB&SUBSYS_CRD08480	Qualcomm Technologies, Incorporated	qcsubsys_ext_oob8480.inf	HP-SOFTWARE
ACPI\VEN_QCOM&DEV_0FFB&SUBSYS_CRD08480	Qualcomm Technologies, Incorporated	qcsubsys_ext_soccp8480.inf	HP-SOFTWARE
ACPI\VEN_QCOM&DEV_0FFB&SUBSYS_CRD08480	Qualcomm Technologies, Incorporated	qcsubsys_ext_spss8480.inf	HP-SOFTWARE
ACPI\VEN_QCOM&DEV_0FFB&SUBSYS_QCB08480	Qualcomm Incorporated	qcpilEXT8480.inf	HP-SOFTWARE
ACPI\VEN_QCOM&DEV_0FFB&SUBSYS_QCB08480	Qualcomm Technologies, Incorporated	qcsubsys_ext_oob8480.inf	HP-SOFTWARE
ACPI\VEN_QCOM&DEV_0FFB&SUBSYS_QCB08480	Qualcomm Technologies, Incorporated	qcsubsys_ext_soccp8480.inf	HP-SOFTWARE
ACPI\VEN_QCOM&DEV_0FFB&SUBSYS_QCB08480	Qualcomm Technologies, Incorporated	qcsubsys_ext_spss8480.inf	HP-SOFTWARE
ACPI\VEN_QCOM&DEV_0FFC&SUBSYS_AGN00000	Qualcomm Incorporated	QCDiagBridge8480.inf	HP-SOFTWARE
ACPI\VEN_QCOM&DEV_0FFC&SUBSYS_CDPS8180	Qualcomm Incorporated	QCDiagBridge8480.inf	HP-SOFTWARE
ACPI\VEN_QCOM&DEV_0FFC&SUBSYS_CLS07180	Qualcomm Incorporated	QCDiagBridge8480.inf	HP-SOFTWARE
ACPI\VEN_QCOM&DEV_0FFC&SUBSYS_CLS08180	Qualcomm Incorporated	QCDiagBridge8480.inf	HP-SOFTWARE
ACPI\VEN_QCOM&DEV_0FFC&SUBSYS_IDP07180	Qualcomm Incorporated	QCDiagBridge8480.inf	HP-SOFTWARE
ACPI\VEN_QCOM&DEV_0FFC&SUBSYS_IDPS7180	Qualcomm Incorporated	QCDiagBridge8480.inf	HP-SOFTWARE
ACPI\VEN_QCOM&DEV_0FFC&SUBSYS_MTP08180	Qualcomm Incorporated	QCDiagBridge8480.inf	HP-SOFTWARE
ACPI\VEN_QCOM&DEV_0FFF&SUBSYS_CRD08480	Qualcomm Inc.	qsarconfig8480.inf	HP-SOFTWARE
ACPI\VEN_QCOM&DEV_0FFF&SUBSYS_IDP08480	Qualcomm Inc.	qsarconfig8480.inf	HP-SOFTWARE
ACPI\VEN_QCOM&DEV_0FFF&SUBSYS_QCB08480	Qualcomm Inc.	qsarconfig8480.inf	HP-SOFTWARE
ACPI\VEN_QCOM&DEV_1036&SUBSYS_CDPS8480	Qualcomm Technologies, Incorporated	qcsubsys_ext_soccp8480.inf	HP-SOFTWARE
ACPI\VEN_QCOM&DEV_1036&SUBSYS_CRD08480	Qualcomm Technologies, Incorporated	qcsubsys_ext_soccp8480.inf	HP-SOFTWARE
ACPI\VEN_QCOM&DEV_1036&SUBSYS_QCB08480	Qualcomm Technologies, Incorporated	qcsubsys_ext_soccp8480.inf	HP-SOFTWARE
ACPI\VEN_QCOM&DEV_1037&SUBSYS_CDPS8480	Qualcomm Technologies, Incorporated	qcsubsys_ext_oob8480.inf	HP-SOFTWARE
ACPI\VEN_QCOM&DEV_1037&SUBSYS_CRD08480	Qualcomm Technologies, Incorporated	qcsubsys_ext_oob8480.inf	HP-SOFTWARE
ACPI\VEN_QCOM&DEV_1037&SUBSYS_QCB08480	Qualcomm Technologies, Incorporated	qcsubsys_ext_oob8480.inf	HP-SOFTWARE
ACPI\VEN_QCOM&DEV_103E&SUBSYS_CDPS8480	Qualcomm Inc.	QcTreeExtOem8480.inf	HP-SOFTWARE
ACPI\VEN_QCOM&DEV_103E&SUBSYS_CDPS8480	Qualcomm Inc.	QcTreeExtQcom8480.inf	HP-SOFTWARE
ACPI\VEN_QCOM&DEV_103E&SUBSYS_CRD08480	Qualcomm Inc.	QcTreeExtOem8480.inf	HP-SOFTWARE
ACPI\VEN_QCOM&DEV_103E&SUBSYS_CRD08480	Qualcomm Inc.	QcTreeExtQcom8480.inf	HP-SOFTWARE
ACPI\VEN_QCOM&DEV_103E&SUBSYS_IDP08480	Qualcomm Inc.	QcTreeExtOem8480.inf	HP-SOFTWARE
ACPI\VEN_QCOM&DEV_103E&SUBSYS_IDP08480	Qualcomm Inc.	QcTreeExtQcom8480.inf	HP-SOFTWARE
ACPI\VEN_QCOM&DEV_103E&SUBSYS_IDPS8480	Qualcomm Inc.	QcTreeExtOem8480.inf	HP-SOFTWARE
ACPI\VEN_QCOM&DEV_103E&SUBSYS_IDPS8480	Qualcomm Inc.	QcTreeExtQcom8480.inf	HP-SOFTWARE
ACPI\VEN_QCOM&DEV_103E&SUBSYS_QCB08480	Qualcomm Inc.	QcTreeExtOem8480.inf	HP-SOFTWARE
ACPI\VEN_QCOM&DEV_103E&SUBSYS_QCB08480	Qualcomm Inc.	QcTreeExtQcom8480.inf	HP-SOFTWARE
ACPI\VEN_QCOM&DEV_104B&SUBSYS_CDPS8480&REV_0001	Qualcomm Inc.	QcMptfDevice8480.inf	HP-SOFTWARE
ACPI\VEN_QCOM&DEV_104B&SUBSYS_CDPS8480&REV_0002	Qualcomm Inc.	QcMptfDevice8480.inf	HP-SOFTWARE
ACPI\VEN_QCOM&DEV_104B&SUBSYS_CDPS8480&REV_0003	Qualcomm Inc.	QcMptfDevice8480.inf	HP-SOFTWARE
ACPI\VEN_QCOM&DEV_104B&SUBSYS_CDPS8480&REV_0004	Qualcomm Inc.	QcMptfDevice8480.inf	HP-SOFTWARE
ACPI\VEN_QCOM&DEV_104B&SUBSYS_CDPS8480&REV_0005	Qualcomm Inc.	QcMptfDevice8480.inf	HP-SOFTWARE
ACPI\VEN_QCOM&DEV_104B&SUBSYS_CDPS8480&REV_0006	Qualcomm Inc.	QcMptfDevice8480.inf	HP-SOFTWARE
ACPI\VEN_QCOM&DEV_104B&SUBSYS_CRD08480&REV_0001	Qualcomm Inc.	QcMptfDevice8480.inf	HP-SOFTWARE
ACPI\VEN_QCOM&DEV_104B&SUBSYS_CRD08480&REV_0002	Qualcomm Inc.	QcMptfDevice8480.inf	HP-SOFTWARE
ACPI\VEN_QCOM&DEV_104B&SUBSYS_CRD08480&REV_0003	Qualcomm Inc.	QcMptfDevice8480.inf	HP-SOFTWARE
ACPI\VEN_QCOM&DEV_104B&SUBSYS_CRD08480&REV_0004	Qualcomm Inc.	QcMptfDevice8480.inf	HP-SOFTWARE
ACPI\VEN_QCOM&DEV_104B&SUBSYS_CRD08480&REV_0005	Qualcomm Inc.	QcMptfDevice8480.inf	HP-SOFTWARE
ACPI\VEN_QCOM&DEV_104B&SUBSYS_CRD08480&REV_0006	Qualcomm Inc.	QcMptfDevice8480.inf	HP-SOFTWARE
ACPI\VEN_QCOM&DEV_104B&SUBSYS_QCB08480&REV_0001	Qualcomm Inc.	QcMptfDevice8480.inf	HP-SOFTWARE
ACPI\VEN_QCOM&DEV_104B&SUBSYS_QCB08480&REV_0002	Qualcomm Inc.	QcMptfDevice8480.inf	HP-SOFTWARE
ACPI\VEN_QCOM&DEV_104B&SUBSYS_QCB08480&REV_0003	Qualcomm Inc.	QcMptfDevice8480.inf	HP-SOFTWARE
ACPI\VEN_QCOM&DEV_104B&SUBSYS_QCB08480&REV_0004	Qualcomm Inc.	QcMptfDevice8480.inf	HP-SOFTWARE
ACPI\VEN_QCOM&DEV_104B&SUBSYS_QCB08480&REV_0005	Qualcomm Inc.	QcMptfDevice8480.inf	HP-SOFTWARE
ACPI\VEN_QCOM&DEV_104B&SUBSYS_QCB08480&REV_0006	Qualcomm Inc.	QcMptfDevice8480.inf	HP-SOFTWARE
ADCM\QCOM0FB7	Qualcomm	qcaucd8480.inf	HP-SOFTWARE
ADCM\QCOM0FF4	Qualcomm Technologies, Inc.	qcadx8480.inf	HP-SOFTWARE
ADCM\QCOM0FF4	Qualcomm Technologies, Inc.	qcadx_ext8480.inf	HP-SOFTWARE
ADCM\QCOM0FF6	Qualcomm	qcascd8480.inf	HP-SOFTWARE
ADCM\VEN_QCOM&DEV_0FB7&SUBSYS_8F03103C	Qualcomm Technologies, Inc.	qcaucd_ext_crd8480.inf	HP-SOFTWARE
ADCM\VEN_QCOM&DEV_0FB7&SUBSYS_8F46103C&REV_01	Qualcomm Technologies, Inc.	qcaucd_ext_crd8480.inf	HP-SOFTWARE
ADCM\VEN_QCOM&DEV_0FB7&SUBSYS_8F46103C&REV_02	Qualcomm Technologies, Inc.	qcaucd_ext_crd8480.inf	HP-SOFTWARE
ADCM\VEN_QCOM&DEV_0FB7&SUBSYS_8F46103C&REV_03	Qualcomm Technologies, Inc.	qcaucd_ext_crd8480.inf	HP-SOFTWARE
ADCM\VEN_QCOM&DEV_0FB7&SUBSYS_8F46103C&REV_04	Qualcomm Technologies, Inc.	qcaucd_ext_crd8480.inf	HP-SOFTWARE
ADCM\VEN_QCOM&DEV_0FB7&SUBSYS_8F47103C&REV_01	Qualcomm Technologies, Inc.	qcaucd_ext_crd8480.inf	HP-SOFTWARE
ADCM\VEN_QCOM&DEV_0FB7&SUBSYS_8F47103C&REV_02	Qualcomm Technologies, Inc.	qcaucd_ext_crd8480.inf	HP-SOFTWARE
ADCM\VEN_QCOM&DEV_0FB7&SUBSYS_8F47103C&REV_03	Qualcomm Technologies, Inc.	qcaucd_ext_crd8480.inf	HP-SOFTWARE
ADCM\VEN_QCOM&DEV_0FB7&SUBSYS_8F47103C&REV_04	Qualcomm Technologies, Inc.	qcaucd_ext_crd8480.inf	HP-SOFTWARE
ADCM\VEN_QCOM&DEV_0FB7&SUBSYS_CRD08480	Qualcomm Technologies, Inc.	qcaucd_ext_crd8480.inf	HP-SOFTWARE
ADCM\VEN_QCOM&DEV_0FF6&SUBSYS_8F03103C	Qualcomm Technologies, Inc.	qcascd_ext_crd8480.inf	HP-SOFTWARE
ADCM\VEN_QCOM&DEV_0FF6&SUBSYS_8F46103C&REV_01	Qualcomm Technologies, Inc.	qcascd_ext_crd8480.inf	HP-SOFTWARE
ADCM\VEN_QCOM&DEV_0FF6&SUBSYS_8F46103C&REV_02	Qualcomm Technologies, Inc.	qcascd_ext_crd8480.inf	HP-SOFTWARE
ADCM\VEN_QCOM&DEV_0FF6&SUBSYS_8F46103C&REV_03	Qualcomm Technologies, Inc.	qcascd_ext_crd8480.inf	HP-SOFTWARE
ADCM\VEN_QCOM&DEV_0FF6&SUBSYS_8F46103C&REV_04	Qualcomm Technologies, Inc.	qcascd_ext_crd8480.inf	HP-SOFTWARE
ADCM\VEN_QCOM&DEV_0FF6&SUBSYS_8F47103C&REV_01	Qualcomm Technologies, Inc.	qcascd_ext_crd8480.inf	HP-SOFTWARE
ADCM\VEN_QCOM&DEV_0FF6&SUBSYS_8F47103C&REV_02	Qualcomm Technologies, Inc.	qcascd_ext_crd8480.inf	HP-SOFTWARE
ADCM\VEN_QCOM&DEV_0FF6&SUBSYS_8F47103C&REV_03	Qualcomm Technologies, Inc.	qcascd_ext_crd8480.inf	HP-SOFTWARE
ADCM\VEN_QCOM&DEV_0FF6&SUBSYS_8F47103C&REV_04	Qualcomm Technologies, Inc.	qcascd_ext_crd8480.inf	HP-SOFTWARE
ADCM\VEN_QCOM&DEV_0FF6&SUBSYS_CRD08480	Qualcomm Technologies, Inc.	qcascd_ext_crd8480.inf	HP-SOFTWARE
ADSP\QCOM0F0F	Qualcomm Inc.	qcslimbus8480.inf	HP-SOFTWARE
ADSP\QCOM0F22	Qualcomm Technologies, Inc.	qcadcm8480.inf	HP-SOFTWARE
ADSP\VEN_QCOM&DEV_0F22&SUBSYS_8F46103C&REV_01	Qualcomm Technologies, Inc.	qcacsp_crd8480.inf	HP-SOFTWARE
ADSP\VEN_QCOM&DEV_0F22&SUBSYS_8F46103C&REV_02	Qualcomm Technologies, Inc.	qcacsp_crd8480.inf	HP-SOFTWARE
ADSP\VEN_QCOM&DEV_0F22&SUBSYS_8F46103C&REV_03	Qualcomm Technologies, Inc.	qcacsp_crd8480.inf	HP-SOFTWARE
ADSP\VEN_QCOM&DEV_0F22&SUBSYS_8F46103C&REV_04	Qualcomm Technologies, Inc.	qcacsp_crd8480.inf	HP-SOFTWARE
ADSP\VEN_QCOM&DEV_0F22&SUBSYS_8F47103C&REV_01	Qualcomm Technologies, Inc.	qcacsp_crd8480.inf	HP-SOFTWARE
ADSP\VEN_QCOM&DEV_0F22&SUBSYS_8F47103C&REV_02	Qualcomm Technologies, Inc.	qcacsp_crd8480.inf	HP-SOFTWARE
ADSP\VEN_QCOM&DEV_0F22&SUBSYS_8F47103C&REV_03	Qualcomm Technologies, Inc.	qcacsp_crd8480.inf	HP-SOFTWARE
ADSP\VEN_QCOM&DEV_0F22&SUBSYS_8F47103C&REV_04	Qualcomm Technologies, Inc.	qcacsp_crd8480.inf	HP-SOFTWARE
AUCD\QCOM0FCD	Qualcomm Technologies, Inc.	qcasd8480.inf	HP-SOFTWARE
AUCD\VEN_QCOM&DEV_0FCD&SUBSYS_8F03103C	Qualcomm Technologies, Inc.	QCListenSM8480.inf	HP-SOFTWARE
AUCD\VEN_QCOM&DEV_0FCD&SUBSYS_8F03103C	Qualcomm Technologies, Inc.	qcasd_CRD_Extension8480.inf	HP-SOFTWARE
AUCD\VEN_QCOM&DEV_0FCD&SUBSYS_8F46103C&REV_01	Qualcomm Technologies, Inc.	QCListenSM8480.inf	HP-SOFTWARE
AUCD\VEN_QCOM&DEV_0FCD&SUBSYS_8F46103C&REV_01	Qualcomm Technologies, Inc.	qcasd_CRD_Extension8480.inf	HP-SOFTWARE
AUCD\VEN_QCOM&DEV_0FCD&SUBSYS_8F46103C&REV_02	Qualcomm Technologies, Inc.	QCListenSM8480.inf	HP-SOFTWARE
AUCD\VEN_QCOM&DEV_0FCD&SUBSYS_8F46103C&REV_02	Qualcomm Technologies, Inc.	qcasd_CRD_Extension8480.inf	HP-SOFTWARE
AUCD\VEN_QCOM&DEV_0FCD&SUBSYS_8F46103C&REV_03	Qualcomm Technologies, Inc.	QCListenSM8480.inf	HP-SOFTWARE
AUCD\VEN_QCOM&DEV_0FCD&SUBSYS_8F46103C&REV_03	Qualcomm Technologies, Inc.	qcasd_CRD_Extension8480.inf	HP-SOFTWARE
AUCD\VEN_QCOM&DEV_0FCD&SUBSYS_8F46103C&REV_04	Qualcomm Technologies, Inc.	QCListenSM8480.inf	HP-SOFTWARE
AUCD\VEN_QCOM&DEV_0FCD&SUBSYS_8F46103C&REV_04	Qualcomm Technologies, Inc.	qcasd_CRD_Extension8480.inf	HP-SOFTWARE
AUCD\VEN_QCOM&DEV_0FCD&SUBSYS_8F47103C&REV_01	Qualcomm Technologies, Inc.	QCListenSM8480.inf	HP-SOFTWARE
AUCD\VEN_QCOM&DEV_0FCD&SUBSYS_8F47103C&REV_01	Qualcomm Technologies, Inc.	qcasd_CRD_Extension8480.inf	HP-SOFTWARE
AUCD\VEN_QCOM&DEV_0FCD&SUBSYS_8F47103C&REV_02	Qualcomm Technologies, Inc.	QCListenSM8480.inf	HP-SOFTWARE
AUCD\VEN_QCOM&DEV_0FCD&SUBSYS_8F47103C&REV_02	Qualcomm Technologies, Inc.	qcasd_CRD_Extension8480.inf	HP-SOFTWARE
AUCD\VEN_QCOM&DEV_0FCD&SUBSYS_8F47103C&REV_03	Qualcomm Technologies, Inc.	QCListenSM8480.inf	HP-SOFTWARE
AUCD\VEN_QCOM&DEV_0FCD&SUBSYS_8F47103C&REV_03	Qualcomm Technologies, Inc.	qcasd_CRD_Extension8480.inf	HP-SOFTWARE
AUCD\VEN_QCOM&DEV_0FCD&SUBSYS_8F47103C&REV_04	Qualcomm Technologies, Inc.	QCListenSM8480.inf	HP-SOFTWARE
AUCD\VEN_QCOM&DEV_0FCD&SUBSYS_8F47103C&REV_04	Qualcomm Technologies, Inc.	qcasd_CRD_Extension8480.inf	HP-SOFTWARE
AUCD\VEN_QCOM&DEV_0FCD&SUBSYS_CDPS8480	Qualcomm Technologies, Inc.	QCListenSM8480.inf	HP-SOFTWARE
AUCD\VEN_QCOM&DEV_0FCD&SUBSYS_CRD08480	Qualcomm Technologies, Inc.	QCListenSM8480.inf	HP-SOFTWARE
AUCD\VEN_QCOM&DEV_0FCD&SUBSYS_CRD08480	Qualcomm Technologies, Inc.	qcasd_CRD_Extension8480.inf	HP-SOFTWARE
AUCD\VEN_QCOM&DEV_0FCD&SUBSYS_QCB08480	Qualcomm Technologies, Inc.	QCListenSM8480.inf	HP-SOFTWARE
COMPUTER\Generic	Qualcomm Technologies, Inc.	qc_cpu_audio_processing_ext_ep8480.inf	HP-SOFTWARE
HID\*ELAN0143&Col01	ELAN	ETD.inf	HP-SOFTWARE
HID\*ELAN0147&Col01	ELAN	ETD.inf	HP-SOFTWARE
HID\*ELAN014B&Col01	ELAN	ETD.inf	HP-SOFTWARE
HID\FUJ02E5&Col02	ELAN	ETD.inf	HP-SOFTWARE
HID\FUJ02E6&Col02	ELAN	ETD.inf	HP-SOFTWARE
HID\ITEirDevice&Col05	ELAN	ETD.inf	HP-SOFTWARE
HID\IrDevice&Col08	ELAN	ETD.inf	HP-SOFTWARE
HID\IrDeviceV2&Col08	ELAN	ETD.inf	HP-SOFTWARE
HID\TOS_BT_MOU_0004&0005	ELAN	ETD.inf	HP-SOFTWARE
HID\VEN_ELAN&DEV_0143&Col01	ELAN	ETD.inf	HP-SOFTWARE
HID\VEN_ELAN&DEV_0143&Col02	ELAN HID Device	ETDHCF.inf	HP-SOFTWARE
HID\VEN_ELAN&DEV_0143&Col03	ELAN	PTPFilter.inf	HP-SOFTWARE
HID\VEN_ELAN&DEV_0143&Col05	ELAN	ElanHidConsumerControlDriver.inf	HP-SOFTWARE
HID\VEN_ELAN&DEV_0147&Col01	ELAN	ETD.inf	HP-SOFTWARE
HID\VEN_ELAN&DEV_0147&Col02	ELAN HID Device	ETDHCF.inf	HP-SOFTWARE
HID\VEN_ELAN&DEV_0147&Col03	ELAN	PTPFilter.inf	HP-SOFTWARE
HID\VEN_ELAN&DEV_0147&Col05	ELAN	ElanHidConsumerControlDriver.inf	HP-SOFTWARE
HID\VEN_ELAN&DEV_014B&Col01	ELAN	ETD.inf	HP-SOFTWARE
HID\VEN_ELAN&DEV_014B&Col02	ELAN HID Device	ETDHCF.inf	HP-SOFTWARE
HID\VEN_ELAN&DEV_014B&Col03	ELAN	PTPFilter.inf	HP-SOFTWARE
HID\VEN_ELAN&DEV_014B&Col05	ELAN	ElanHidConsumerControlDriver.inf	HP-SOFTWARE
HID\VEN_ELAN&DEV_0183&Col01	ELAN	ETD.inf	HP-SOFTWARE
HID\VEN_ELAN&DEV_0183&Col02	ELAN HID Device	ETDHCF.inf	HP-SOFTWARE
HID\VEN_ELAN&DEV_0183&Col03	ELAN	PTPFilter.inf	HP-SOFTWARE
HID\VEN_ELAN&DEV_0183&Col05	ELAN	ElanHidConsumerControlDriver.inf	HP-SOFTWARE
HID\VEN_ELAN&DEV_0189&Col01	ELAN	ETD.inf	HP-SOFTWARE
HID\VEN_ELAN&DEV_0189&Col02	ELAN HID Device	ETDHCF.inf	HP-SOFTWARE
HID\VEN_ELAN&DEV_0189&Col03	ELAN	PTPFilter.inf	HP-SOFTWARE
HID\VEN_ELAN&DEV_0189&Col05	ELAN	ElanHidConsumerControlDriver.inf	HP-SOFTWARE
HID\VID_044F&PID_B304&REV_0100&COL02	ELAN	ETD.inf	HP-SOFTWARE
HID\VID_044F&PID_E000	ELAN	ETD.inf	HP-SOFTWARE
HID\VID_046D&PID_C705&MI_00	ELAN	ETD.inf	HP-SOFTWARE
HID\VID_04F2&PID_0001&MI_01	ELAN	ETD.inf	HP-SOFTWARE
HID\VID_0A5C&PID_4503&REV_0100&Col01	ELAN	ETD.inf	HP-SOFTWARE
HID\VID_0A5C&PID_8103	ELAN	ETD.inf	HP-SOFTWARE
HID\VID_0A5C&PID_8126	ELAN	ETD.inf	HP-SOFTWARE
HID\VID_0A5C&PID_8127	ELAN	ETD.inf	HP-SOFTWARE
HID\VID_0A5C&PID_8140	ELAN	ETD.inf	HP-SOFTWARE
HID\VID_0A5C&PID_8145	ELAN	ETD.inf	HP-SOFTWARE
HID\VID_0A5C&PID_8146	ELAN	ETD.inf	HP-SOFTWARE
HID\VID_0A5C&PID_8151	ELAN	ETD.inf	HP-SOFTWARE
HID\VID_0A5C&PID_8152	ELAN	ETD.inf	HP-SOFTWARE
HID\VID_0A5C&PID_8154	ELAN	ETD.inf	HP-SOFTWARE
HID\VID_0A5C&PID_8155	ELAN	ETD.inf	HP-SOFTWARE
HID\VID_0A5C&PID_8156	ELAN	ETD.inf	HP-SOFTWARE
HID\VID_0A5C&PID_8158	ELAN	ETD.inf	HP-SOFTWARE
HID\VID_0A5C&PID_8159	ELAN	ETD.inf	HP-SOFTWARE
HID\VID_0A5C&PID_8160	ELAN	ETD.inf	HP-SOFTWARE
HID\VID_0A5C&PID_8162	ELAN	ETD.inf	HP-SOFTWARE
HID\VID_0A5C&PID_8167	ELAN	ETD.inf	HP-SOFTWARE
HID\VID_0A5C&PID_8168	ELAN	ETD.inf	HP-SOFTWARE
HID\VID_0A5C&PID_8169	ELAN	ETD.inf	HP-SOFTWARE
HID\VID_1CB6&PID_6680&MI_00&Col02	ELAN	ETD.inf	HP-SOFTWARE
HID\VID_1CB6&PID_6680&MI_01	ELAN	ETD.inf	HP-SOFTWARE
HID\VID_1CB6&PID_6680&REV_0100&MI_00&Col02	ELAN	ETD.inf	HP-SOFTWARE
HID\VID_1CB6&PID_6680&REV_0100&MI_01	ELAN	ETD.inf	HP-SOFTWARE
HID\VID_413C&PID_8152	ELAN	ETD.inf	HP-SOFTWARE
HID\VID_413C&PID_8154	ELAN	ETD.inf	HP-SOFTWARE
HID\VID_413C&PID_8156	ELAN	ETD.inf	HP-SOFTWARE
HID\VID_413C&PID_8157&REV_0100	ELAN	ETD.inf	HP-SOFTWARE
HID\VID_413C&PID_8158&REV_0100&Col01	ELAN	ETD.inf	HP-SOFTWARE
HID\VID_413C&PID_8162&Col01	ELAN	ETD.inf	HP-SOFTWARE
HID\Vid_0430&Pid_0002&MI_00	ELAN	ETD.inf	HP-SOFTWARE
HID\Vid_0430&Pid_0002&MI_01	ELAN	ETD.inf	HP-SOFTWARE
HID\Vid_0430&Pid_0002&Rev_0100&MI_00	ELAN	ETD.inf	HP-SOFTWARE
HID\Vid_0430&Pid_0002&Rev_0100&MI_01	ELAN	ETD.inf	HP-SOFTWARE
HID\Vid_0430&Pid_0501	ELAN	ETD.inf	HP-SOFTWARE
HID\Vid_0430&Pid_0501&Rev_5001	ELAN	ETD.inf	HP-SOFTWARE
HID\Vid_0430&Pid_0530	ELAN	ETD.inf	HP-SOFTWARE
HID\Vid_0430&Pid_0530&Rev_5001	ELAN	ETD.inf	HP-SOFTWARE
HID\Vid_046d&Pid_c50e&Rev_2500	ELAN	ETD.inf	HP-SOFTWARE
HID\Vid_046d&Pid_c50e&Rev_2510	ELAN	ETD.inf	HP-SOFTWARE
HID\Vid_046e&Pid_6782&MI_00	ELAN	ETD.inf	HP-SOFTWARE
HID\Vid_046e&Pid_6782&MI_01&Col01	ELAN	ETD.inf	HP-SOFTWARE
HID\Vid_046e&Pid_6782&MI_01&Col02	ELAN	ETD.inf	HP-SOFTWARE
HID\Vid_046e&Pid_6782&Rev_2110&MI_00	ELAN	ETD.inf	HP-SOFTWARE
HID\Vid_046e&Pid_6782&Rev_2110&MI_01&Col01	ELAN	ETD.inf	HP-SOFTWARE
HID\Vid_046e&Pid_6782&Rev_2110&MI_01&Col02	ELAN	ETD.inf	HP-SOFTWARE
HID\Vid_04B8&Pid_030E&Rev_0100&MI_	ELAN	ETD.inf	HP-SOFTWARE
HID\Vid_04f2&Pid_0001&Rev_0100&MI_00	ELAN	ETD.inf	HP-SOFTWARE
HID\Vid_04f2&Pid_0001&Rev_0100&MI_01	ELAN	ETD.inf	HP-SOFTWARE
HID\Vid_05E3&Pid_FFE2&Rev_0001&MI_	ELAN	ETD.inf	HP-SOFTWARE
HID\Vid_0609&Pid_031d	ELAN	ETD.inf	HP-SOFTWARE
HID\Vid_0609&Pid_032d	ELAN	ETD.inf	HP-SOFTWARE
HID\Vid_0A81&Pid_0103&MI_01&Col02	ELAN	ETD.inf	HP-SOFTWARE
HID\Vid_0A81&Pid_0103&MI_01&Col03	ELAN	ETD.inf	HP-SOFTWARE
HID\Vid_0A81&Pid_0103&Rev_0110&MI_	ELAN	ETD.inf	HP-SOFTWARE
HID\Vid_413c&Pid_8162&Rev_0100&Col01	ELAN	ETD.inf	HP-SOFTWARE
HID\WACOMVIRTUALHID&Col03	ELAN	ETD.inf	HP-SOFTWARE
PCI\VEN_17CB&DEV_1107	Qualcomm Communications Inc.	qcwlanhmt8480.inf	HP-SOFTWARE
PCI\VEN_17CB&DEV_1107&SUBSYS_141400AB	Qualcomm Communications Inc.	qcwlanhmt8480.inf	HP-SOFTWARE
PCI\VEN_17CB&DEV_1107&SUBSYS_337C17CB	Qualcomm Communications Inc.	qcwlanhmt8480.inf	HP-SOFTWARE
PCI\VEN_17CB&DEV_1107&SUBSYS_65701A3B	Qualcomm Communications Inc.	qcwlanhmt8480.inf	HP-SOFTWARE
PCI\VEN_17CB&DEV_1107&SUBSYS_65801A3B	Qualcomm Communications Inc.	qcwlanhmt8480.inf	HP-SOFTWARE
PCI\VEN_17CB&DEV_1107&SUBSYS_65811A3B	Qualcomm Communications Inc.	qcwlanhmt8480.inf	HP-SOFTWARE
PCI\VEN_17CB&DEV_1107&SUBSYS_80011EAC	Qualcomm Communications Inc.	qcwlanhmt8480.inf	HP-SOFTWARE
PCI\VEN_17CB&DEV_1107&SUBSYS_80041EAC	Qualcomm Communications Inc.	qcwlanhmt8480.inf	HP-SOFTWARE
PCI\VEN_17CB&DEV_1107&SUBSYS_8D99103C	Qualcomm Communications Inc.	qcwlanhmt8480.inf	HP-SOFTWARE
PCI\VEN_17CB&DEV_1107&SUBSYS_8E64103C	Qualcomm Communications Inc.	qcwlanhmt8480.inf	HP-SOFTWARE
PCI\VEN_17CB&DEV_1107&SUBSYS_910A14CD	Qualcomm Communications Inc.	qcwlanhmt8480.inf	HP-SOFTWARE
PCI\VEN_17CB&DEV_1107&SUBSYS_930A17AA	Qualcomm Communications Inc.	qcwlanhmt8480.inf	HP-SOFTWARE
PCI\VEN_17CB&DEV_1107&SUBSYS_940A14CD	Qualcomm Communications Inc.	qcwlanhmt8480.inf	HP-SOFTWARE
PCI\VEN_17CB&DEV_1107&SUBSYS_950A14CD	Qualcomm Communications Inc.	qcwlanhmt8480.inf	HP-SOFTWARE
PCI\VEN_17CB&DEV_1107&SUBSYS_960A14CD	Qualcomm Communications Inc.	qcwlanhmt8480.inf	HP-SOFTWARE
PCI\VEN_17CB&DEV_1107&SUBSYS_961814CD	Qualcomm Communications Inc.	qcwlanhmt8480.inf	HP-SOFTWARE
PCI\VEN_17CB&DEV_1107&SUBSYS_970A14CD	Qualcomm Communications Inc.	qcwlanhmt8480.inf	HP-SOFTWARE
PCI\VEN_17CB&DEV_1107&SUBSYS_980A14CD	Qualcomm Communications Inc.	qcwlanhmt8480.inf	HP-SOFTWARE
PCI\VEN_17CB&DEV_1107&SUBSYS_9F0A14CD	Qualcomm Communications Inc.	qcwlanhmt8480.inf	HP-SOFTWARE
PCI\VEN_17CB&DEV_1107&SUBSYS_9F1814CD	Qualcomm Communications Inc.	qcwlanhmt8480.inf	HP-SOFTWARE
PCI\VEN_17CB&DEV_1107&SUBSYS_E0E917AA	Qualcomm Communications Inc.	qcwlanhmt8480.inf	HP-SOFTWARE
PCI\VEN_17CB&DEV_1107&SUBSYS_E0EB105B	Qualcomm Communications Inc.	qcwlanhmt8480.inf	HP-SOFTWARE
PCI\VEN_17CB&DEV_1107&SUBSYS_E0EE105B	Qualcomm Communications Inc.	qcwlanhmt8480.inf	HP-SOFTWARE
PCI\VEN_17CB&DEV_1107&SUBSYS_E0EF105B	Qualcomm Communications Inc.	qcwlanhmt8480.inf	HP-SOFTWARE
PCI\VEN_17CB&DEV_1107&SUBSYS_E0F3105B	Qualcomm Communications Inc.	qcwlanhmt8480.inf	HP-SOFTWARE
PCI\VEN_17CB&DEV_1107&SUBSYS_E107105B	Qualcomm Communications Inc.	qcwlanhmt8480.inf	HP-SOFTWARE
PCI\VEN_17CB&DEV_1107&SUBSYS_E114105B	Qualcomm Communications Inc.	qcwlanhmt8480.inf	HP-SOFTWARE
PCI\VEN_17CB&DEV_1107&SUBSYS_E11517AA	Qualcomm Communications Inc.	qcwlanhmt8480.inf	HP-SOFTWARE
PCI\VEN_17CB&DEV_1107&SUBSYS_E122105B	Qualcomm Communications Inc.	qcwlanhmt8480.inf	HP-SOFTWARE
PCI\VEN_17CB&DEV_1107&SUBSYS_E125105B	Qualcomm Communications Inc.	qcwlanhmt8480.inf	HP-SOFTWARE
PCI\VEN_17CB&DEV_1107&SUBSYS_E129105B	Qualcomm Communications Inc.	qcwlanhmt8480.inf	HP-SOFTWARE
PCI\VEN_17CB&DEV_1107&SUBSYS_E13D105B	Qualcomm Communications Inc.	qcwlanhmt8480.inf	HP-SOFTWARE
PCI\VEN_17CB&DEV_1112&SUBSYS_111017CB&REV_01	Qualcomm Communications Inc.	qcwlancol8480.inf	HP-SOFTWARE
PCI\VEN_17CB&DEV_1112&SUBSYS_111017CB&REV_01	Qualcomm Communications Inc.	qcwlancol8480_1.inf	HP-SOFTWARE
PCI\VEN_17CB&DEV_1112&SUBSYS_8EF3103C	Qualcomm Communications Inc.	qcwlancol8480.inf	HP-SOFTWARE
PCI\VEN_17CB&DEV_1112&SUBSYS_8EF3103C	Qualcomm Communications Inc.	qcwlancol8480_1.inf	HP-SOFTWARE
PCI\VEN_17CB&DEV_1112&SUBSYS_E14B105B	Qualcomm Communications Inc.	qcwlancol8480.inf	HP-SOFTWARE
PCI\VEN_17CB&DEV_1112&SUBSYS_E14B105B	Qualcomm Communications Inc.	qcwlancol8480_1.inf	HP-SOFTWARE
PCI\VEN_17CB&DEV_1112&SUBSYS_E14C105B	Qualcomm Communications Inc.	qcwlancol8480.inf	HP-SOFTWARE
PCI\VEN_17CB&DEV_1112&SUBSYS_E14C105B	Qualcomm Communications Inc.	qcwlancol8480_1.inf	HP-SOFTWARE
PCI\VEN_17CB&DEV_1112&SUBSYS_E14E17AA	Qualcomm Communications Inc.	qcwlancol8480.inf	HP-SOFTWARE
PCI\VEN_17CB&DEV_1112&SUBSYS_E14E17AA	Qualcomm Communications Inc.	qcwlancol8480_1.inf	HP-SOFTWARE
PCI\VEN_17CB&DEV_1112&SUBSYS_E14F105B	Qualcomm Communications Inc.	qcwlancol8480.inf	HP-SOFTWARE
PCI\VEN_17CB&DEV_1112&SUBSYS_E14F105B	Qualcomm Communications Inc.	qcwlancol8480_1.inf	HP-SOFTWARE
PCI\VEN_17CB&DEV_1112&SUBSYS_E159105B	Qualcomm Communications Inc.	qcwlancol8480.inf	HP-SOFTWARE
PCI\VEN_17CB&DEV_1112&SUBSYS_E159105B	Qualcomm Communications Inc.	qcwlancol8480_1.inf	HP-SOFTWARE
PCI\VEN_17CB&DEV_1112&SUBSYS_E15A105B	Qualcomm Communications Inc.	qcwlancol8480.inf	HP-SOFTWARE
PCI\VEN_17CB&DEV_1112&SUBSYS_E15A105B	Qualcomm Communications Inc.	qcwlancol8480_1.inf	HP-SOFTWARE
QCASD\VEN_QCOM&DEV_0FCD&SUBSYS_8F03103C	Qualcomm Technologies, Inc.	qcasd8480.inf	HP-SOFTWARE
QCASD\VEN_QCOM&DEV_0FCD&SUBSYS_8F46103C&REV_01	Qualcomm Technologies, Inc.	qcasd8480.inf	HP-SOFTWARE
QCASD\VEN_QCOM&DEV_0FCD&SUBSYS_8F46103C&REV_02	Qualcomm Technologies, Inc.	qcasd8480.inf	HP-SOFTWARE
QCASD\VEN_QCOM&DEV_0FCD&SUBSYS_8F46103C&REV_03	Qualcomm Technologies, Inc.	qcasd8480.inf	HP-SOFTWARE
QCASD\VEN_QCOM&DEV_0FCD&SUBSYS_8F46103C&REV_04	Qualcomm Technologies, Inc.	qcasd8480.inf	HP-SOFTWARE
QCASD\VEN_QCOM&DEV_0FCD&SUBSYS_8F47103C&REV_01	Qualcomm Technologies, Inc.	qcasd8480.inf	HP-SOFTWARE
QCASD\VEN_QCOM&DEV_0FCD&SUBSYS_8F47103C&REV_02	Qualcomm Technologies, Inc.	qcasd8480.inf	HP-SOFTWARE
QCASD\VEN_QCOM&DEV_0FCD&SUBSYS_8F47103C&REV_03	Qualcomm Technologies, Inc.	qcasd8480.inf	HP-SOFTWARE
QCASD\VEN_QCOM&DEV_0FCD&SUBSYS_8F47103C&REV_04	Qualcomm Technologies, Inc.	qcasd8480.inf	HP-SOFTWARE
QCASD\VEN_QCOM&DEV_0FCD&SUBSYS_CRD08480	Qualcomm Technologies, Inc.	qcasd8480.inf	HP-SOFTWARE
QCA_SHB\UART_H4	Qualcomm Incorporated	qcbtaddvscregistry8480.inf	HP-SOFTWARE
QCA_SHB\UART_H4_CLG	Qualcomm Incorporated	qcbtaddvscregistry8480.inf	HP-SOFTWARE
QCA_SHB\UART_H4_HMT	Qualcomm Incorporated	qcbtaddvscregistry8480.inf	HP-SOFTWARE
QCA_SHB\UART_H4_HSP	Qualcomm Incorporated	qcbtaddvscregistry8480.inf	HP-SOFTWARE
ROOT\SDCAVCodec	Qualcomm Technologies, Inc.	qcaxu8480.inf	HP-SOFTWARE
SDCA\AGGREGATEDSPEAKER	Qualcomm Technologies, Inc.	qcasd_CRD_Extension8480.inf	HP-SOFTWARE
SDCA\DynamicEnumChild	Qualcomm Technologies, Inc.	qcasd_CRD_Extension8480.inf	HP-SOFTWARE
SDCA_11\AUDIOFUNCTION	Qualcomm Technologies, Inc.	qcaxu8480.inf	HP-SOFTWARE
SOUNDWIRE\SDCA_06&MAN_0217&FUNC_0711&TYPE_04&VER_01&ADR_01&LID_00&UID_00&SUBSYS	Qualcomm Technologies, Inc.	qcaxu8480.inf	HP-SOFTWARE
SOUNDWIRE\SDCA_06&MAN_0217&FUNC_0714&TYPE_02&VER_01&ADR_02&LID_00&UID_00&SUBSYS	Qualcomm Technologies, Inc.	qcaxu8480.inf	HP-SOFTWARE
SOUNDWIRE\SDCA_06&MAN_0217&FUNC_1316&TYPE_01&VER_01&ADR_04&LID_00&UID_00&SUBSYS	Qualcomm Technologies, Inc.	qcaxu8480.inf	HP-SOFTWARE
SWC\MEP_AUD&VEN_MSFT_VOICEFOCUS_V3	Microsoft Corporation	mep_audio_component.inf	HP-SOFTWARE
SWC\MEP_CAM&VEN_MSFT_DEV_0FF0	Microsoft Corporation	mep_camera_component.inf	HP-SOFTWARE
SWC\VEN_QCOM&DEV_0F36&SWC_QCDPPS8480	Qualcomm Incorporated	qcdpps8480.inf	HP-SOFTWARE
SWC\VEN_QCOM&DEV_0FF5&SWC_QCDPPS8480	Qualcomm Incorporated	qcdpps8480.inf	HP-SOFTWARE
SWC\VEN_QCOM&DEV_ASDAPO_8480	Qualcomm Technologies, Inc.	qcasd_apo8480.inf	HP-SOFTWARE
SWC\VEN_QCOM&DEV_FLUENCEAPO_8480	Qualcomm Technologies, Inc.	qcfluenceai_apo_effectpack8480.inf	HP-SOFTWARE
SWC\VEN_QCOM&DEV_QCListenSoundModel&PLAT_8480	Qualcomm Technologies, Inc.	QCListenSM_swc8480.inf	HP-SOFTWARE
SWC\VEN_QCOM&DEV_QCListenSoundModel&PLAT_8480	Qualcomm Technologies, Inc.	QCListenSM_swc_ext8480.inf	HP-SOFTWARE
UEFI\RES_{84CB55F4-D08A-43BB-BB7D-07FA38476891}	HP Inc.	BIOS_eFuse_Payload.inf	HP-SOFTWARE
URS\QCOM0F8B&FUNCTION	Qualcomm Technologies, Inc.	QcUsbFnSsFilter8480.inf	HP-SOFTWARE
URS\QCOM0F8B&HOST	Qualcomm Technologies, Inc.	QcXhciFilter8480.inf	HP-SOFTWARE
URS\QCOM0F8C&FUNCTION	Qualcomm Technologies, Inc.	QcUsbFnSsFilter8480.inf	HP-SOFTWARE
URS\QCOM0F8C&HOST	Qualcomm Technologies, Inc.	QcXhciFilter8480.inf	HP-SOFTWARE
URS\QCOM0FED&FUNCTION	Qualcomm Technologies, Inc.	QcUsbFnSsFilter8480.inf	HP-SOFTWARE
URS\QCOM0FED&HOST	Qualcomm Technologies, Inc.	QcXhciFilter8480.inf	HP-SOFTWARE
USB4\QCOM0GD10001	Qualcomm Technologies, Inc.	QcUsb4Filter8480.inf	HP-SOFTWARE
USBFN\ADPL_MDM	Qualcomm	ufnserialcomposite.inf	HP-SOFTWARE
USBFN\CCID	Qualcomm	ufnserialcomposite.inf	HP-SOFTWARE
USBFN\DIAG	Qualcomm	ufnserialcomposite.inf	HP-SOFTWARE
USBFN\DIAG_MDM	Qualcomm	ufnserialcomposite.inf	HP-SOFTWARE
USBFN\DPL	Qualcomm	ufnserialcomposite.inf	HP-SOFTWARE
USBFN\MODEM	Qualcomm	ufnserialcomposite.inf	HP-SOFTWARE
USBFN\NMEA	Qualcomm	ufnserialcomposite.inf	HP-SOFTWARE
USBFN\QDSS_MDM	Qualcomm	ufnserialcomposite.inf	HP-SOFTWARE
USBFN\RMNET	Qualcomm	ufnserialcomposite.inf	HP-SOFTWARE
USBFN\TRACE	Qualcomm	ufnserialcomposite.inf	HP-SOFTWARE
USB\VID_04F2&PID_B809&MI_00	Huaqin	CameraExtMEP.inf	HP-SOFTWARE
USB\VID_04F2&PID_B873&MI_00	Huaqin	CameraExtMEP.inf	HP-SOFTWARE
USB\VID_0637&PID_0001	ELAN	ETD.inf	HP-SOFTWARE
USB\VID_0A81&PID_0103&MI_00	ELAN	ETD.inf	HP-SOFTWARE
USB\VID_0A81&PID_0103&MI_01	ELAN	ETD.inf	HP-SOFTWARE
USB\VID_30C9&PID_00D9&MI_00	Huaqin	CameraExtMEP.inf	HP-SOFTWARE
USB\VID_30C9&PID_00FB&MI_00	Huaqin	CameraExtMEP.inf	HP-SOFTWARE
pci\Parameters	Qualcomm Inc.	qcppx8480.inf	HP-SOFTWARE
qcasd\A2dpSpeakerHeadset	Qualcomm Technologies, Inc.	qcasd8480.inf	HP-SOFTWARE
qcasd\BluetoothMicHandsFreeProfile	Qualcomm Technologies, Inc.	qcasd8480.inf	HP-SOFTWARE
qcasd\BluetoothSpeakerHandsFreeProfile	Qualcomm Technologies, Inc.	qcasd8480.inf	HP-SOFTWARE
qcasd\DynamicEnumExternalDisplay	Qualcomm Technologies, Inc.	qcasd8480.inf	HP-SOFTWARE
{1f8c1c07-fa79-421a-936f-e8f4fb2f3300}\Capture	Qualcomm Technologies, Inc.	qcasd8480.inf	HP-SOFTWARE
{1f8c1c07-fa79-421a-936f-e8f4fb2f3300}\Render	Qualcomm Technologies, Inc.	qcasd8480.inf	HP-SOFTWARE
{4DCB0606-6415-4A36-BDC5-9B1792117DC9}\HeadsetCaptureDevice	Qualcomm Technologies, Inc.	qcasd8480.inf	HP-SOFTWARE
{4DCB0606-6415-4A36-BDC5-9B1792117DC9}\HeadsetRenderDevice	Qualcomm Technologies, Inc.	qcasd8480.inf	HP-SOFTWARE
{CE0A1C0B-E0E8-4B1B-B35C-E1B0FF04B148}\SpeakerRenderDevice	Qualcomm Technologies, Inc.	qcasd8480.inf	HP-SOFTWARE
{DAADDA84-4F1C-4AE4-9AC7-B133A84FF7EF}\Capture	Qualcomm Technologies, Inc.	qcbtacx_transportdriver8480.inf	HP-SOFTWARE
{DAADDA84-4F1C-4AE4-9AC7-B133A84FF7EF}\Render	Qualcomm Technologies, Inc.	qcbtacx_transportdriver8480.inf	HP-SOFTWARE
